판매ID,날짜,채널명,거래처명,대분류,중분류,제품명,색상,원가,단가,수량,할인율,매출금액,매출원가,매출이익
951,2018-01-01,매장,글로리아 백화정,오디오,블루투스 헤드폰,블루투스 액티브 헤드폰 E202,Silver,"20,940","45,540",10,0.00%,"455,400","209,400","246,000"
952,2018-01-01,매장,신성무역,음반 & 영화,영화 DVD,DVD 38 DVD 저장 바인더 E25,Black,"59,640","68,977",10,0.00%,"689,770","596,400","93,370"
953,2018-01-01,매장,ABC상사,오디오,블루투스 헤드폰,블루투스 액티브 헤드폰 E202,Silver,"20,940","45,540",10,0.00%,"455,400","209,400","246,000"
954,2018-01-01,매장,세종물산,음반 & 영화,영화 DVD,DVD 12인치 플레이어 휴대용 M400,White,"59,640","215,988",3,0.00%,"647,964","178,920","469,044"
955,2018-01-02,매장,삼양상사,음반 & 영화,영화 DVD,DVD 9 인치 플레이어 휴대용 M300,Black,"100,944","191,988",1,0.00%,"191,988","100,944","91,044"
956,2018-01-02,매장,알프스무역,컴퓨터,프로젝트 & 스크린,스크린 85in E1010,Black,"85,044","166,800",1,0.00%,"166,800","85,044","81,756"
957,2018-01-02,카탈로그,투프린트,컴퓨터,프로젝트 & 스크린,스크린 85in E1010,Black,"85,044","166,800",3,0.00%,"500,400","255,132","245,268"
958,2018-01-02,매장,동도교역,휴대폰,스마트 폰,Microsoft Windows Mobile M200,Grey,"126,372","274,800",1,0.00%,"274,800","126,372","148,428"
959,2018-01-02,매장,ITM,휴대폰,스마트 폰,Microsoft Windows Mobile M200,Grey,"126,372","274,800",5,0.00%,"1,374,000","631,860","742,140"
960,2018-01-02,온라인,k마켓,음반 & 영화,영화 DVD,DVD 9 인치 플레이어 휴대용 M300,Black,"100,944","191,988",1,0.00%,"191,988","100,944","91,044"
961,2018-01-02,온라인,J마켓,오디오,MP4 & MP3,8GB 수퍼 슬림 MP3/Video Player M800,White,"60,672","131,940",10,0.00%,"1,319,400","606,720","712,680"
962,2018-01-02,매장,유미백화점,오디오,MP4 & MP3,8GB 수퍼 슬림 MP3/Video Player M800,White,"60,672","131,940",7,0.00%,"923,580","424,704","498,876"
963,2018-01-06,매장,신세기상사,휴대폰,스마트 폰,8G 메모리 스마트 폰 M400,White,"148,440","322,800",3,0.00%,"968,400","445,320","523,080"
964,2018-01-06,대리점,명성,휴대폰,스마트 폰,8G 메모리 스마트 폰 M400,White,"148,440","322,800",1,0.00%,"322,800","148,440","174,360"
965,2018-01-06,대리점,가나전자,오디오,블루투스 헤드폰,차세대 스테레오 블루투스 헤드폰 M370,Yellow,"11,004","159,588",7,0.00%,"1,117,116","77,028","1,040,088"
966,2018-01-06,매장,이화무역,오디오,블루투스 헤드폰,차세대 스테레오 블루투스 헤드폰 M370,Yellow,"11,004","159,588",1,0.00%,"159,588","11,004","148,584"
967,2018-01-07,매장,태화상사,휴대폰,스마트 폰,8G 메모리 스마트 폰 M400,White,"148,440","322,800",1,0.00%,"322,800","148,440","174,360"
968,2018-01-07,매장,언더우드상사,휴대폰,스마트 폰,8G 메모리 스마트 폰 M400,White,"148,440","322,800",5,0.00%,"1,614,000","742,200","871,800"
969,2018-01-10,매장,혜성 백화점,TV & 비디오,TV,"26"" 720p LCD HDTV M140",White,"259,344","563,964",9,0.00%,"5,075,676","2,334,096","2,741,580"
970,2018-01-16,온라인,k마켓,컴퓨터,컴퓨터 액세서리,배터리 충전기 - 자전거 E200,Black,"12,180","23,880",3,0.00%,"71,640","36,540","35,100"
971,2018-01-16,매장,태성무역,컴퓨터,컴퓨터 액세서리,배터리 충전기 - 자전거 E200,Black,"12,180","23,880",9,0.00%,"214,920","109,620","105,300"
972,2018-01-17,매장,샤론통상,TV & 비디오,TV,"32"" LCD HDTV M130",Silver,"472,368","599,988",1,0.00%,"599,988","472,368","127,620"
973,2018-01-17,매장,신영상사,TV & 비디오,TV,"32"" LCD HDTV M130",Silver,"472,368","599,988",1,0.00%,"599,988","472,368","127,620"
974,2018-01-18,매장,동광통상,음반 & 영화,영화 DVD,DVD 55 DVD 저장 바인더 M56,Black,"13,800","15,192",5,0.00%,"75,960","69,000","6,960"
975,2018-01-18,매장,한미전자,컴퓨터,랩탑,노트북12 M2002,Red,"250,836","441,600",9,0.00%,"3,974,400","2,257,524","1,716,876"
976,2018-01-18,매장,대한상사,컴퓨터,랩탑,노트북12 M2002,Red,"250,836","441,600",2,0.00%,"883,200","501,672","381,528"
977,2018-01-18,매장,신성무역,휴대폰,스마트 폰,8G 메모리 스마트 폰 M400,Pink,"148,440","322,800",2,0.00%,"645,600","296,880","348,720"
978,2018-01-18,매장,한진무역,음반 & 영화,영화 DVD,DVD 55 DVD 저장 바인더 M56,Black,"13,800","15,192",10,0.00%,"151,920","138,000","13,920"
979,2018-01-18,매장,혜성 백화점,휴대폰,스마트 폰,8G 메모리 스마트 폰 M400,Pink,"148,440","322,800",1,0.00%,"322,800","148,440","174,360"
980,2018-01-21,매장,ABC상사,음반 & 영화,영화 DVD,DVD 9 인치 플레이어 휴대용 M300,Black,"100,944","191,988",5,0.00%,"959,940","504,720","455,220"
981,2018-01-21,매장,태화상사,음반 & 영화,영화 DVD,DVD 9 인치 플레이어 휴대용 M300,Black,"100,944","191,988",10,0.00%,"1,919,880","1,009,440","910,440"
982,2018-01-27,매장,동광통상,오디오,블루투스 헤드폰,블루투스 액티브 헤드폰 E202,Silver,"20,940","45,540",2,0.00%,"91,080","41,880","49,200"
983,2018-01-27,매장,오성통상,휴대폰,스마트 폰,8G 메모리 스마트 폰 M400,Pink,"148,440","322,800",2,0.00%,"645,600","296,880","348,720"
984,2018-01-27,매장,신영상사,휴대폰,스마트 폰,8G 메모리 스마트 폰 M400,Pink,"148,440","322,800",3,0.00%,"968,400","445,320","523,080"
985,2018-01-27,매장,ITM,오디오,블루투스 헤드폰,블루투스 액티브 헤드폰 E202,Silver,"20,940","45,540",8,0.00%,"364,320","167,520","196,800"
986,2018-01-29,온라인,J마켓,휴대폰,스마트 폰,스마트 폰 E100(카메라없음),Pink,"258,180","3,154,800",3,0.00%,"9,464,400","774,540","8,689,860"
987,2018-01-29,매장,미림 백화점,휴대폰,스마트 폰,스마트 폰 E100(카메라없음),Pink,"258,180","259,654",5,0.00%,"1,298,270","1,290,900","7,370"
988,2018-02-01,온라인,k마켓,TV & 비디오,TV,"52"" LCD HDTV X790W",White,"516,456","1,910,640",4,10.00%,"7,642,560","2,065,824","5,576,736"
989,2018-02-01,매장,삼화상사,TV & 비디오,TV,"52"" LCD HDTV X790W",White,"516,456","1,910,640",8,10.00%,"15,285,120","4,131,648","11,153,472"
990,2018-02-04,매장,동광통상,컴퓨터,컴퓨터 액세서리,배터리 충전기 - 자전거 E200,Black,"12,180","23,880",8,10.00%,"191,040","97,440","93,600"
991,2018-02-04,매장,태강교역,컴퓨터,컴퓨터 액세서리,배터리 충전기 - 자전거 E200,Black,"12,180","23,880",3,10.00%,"71,640","36,540","35,100"
992,2018-02-07,매장,한미전자,음반 & 영화,영화 DVD,DVD 9 인치 플레이어 휴대용 M300,Black,"100,944","191,988",16,10.00%,"3,071,808","1,615,104","1,456,704"
993,2018-02-07,매장,태화상사,카메라 & 캠코더,캠코더,"Trendsetter 1"" 25mm X400",Blue,"397,584","1,200,000",9,10.00%,"10,800,000","3,578,256","7,221,744"
994,2018-02-07,매장,월드링크,오디오,블루투스 헤드폰,블루투스 액티브 헤드폰 E202,Silver,"297,584","405,698",3,10.00%,"1,217,094","892,752","324,342"
995,2018-02-07,매장,신영상사,음반 & 영화,영화 DVD,DVD 9 인치 플레이어 휴대용 M300,Black,"100,944","191,988",4,10.00%,"767,952","403,776","364,176"
996,2018-02-08,매장,서주무역,카메라 & 캠코더,디지털 카메라,"SLR Camera 35"" M358",Silver,"196,800","429,600",8,10.00%,"3,436,800","1,574,400","1,862,400"
997,2018-02-08,매장,혜성 백화점,카메라 & 캠코더,디지털 카메라,"SLR Camera 35"" M358",Silver,"196,800","429,600",16,10.00%,"6,873,600","3,148,800","3,724,800"
998,2018-02-08,매장,태화상사,TV & 비디오,TV,"52"" LCD HDTV X790W",White,"633,036","1,910,640",5,10.00%,"9,553,200","3,165,180","6,388,020"
999,2018-02-08,매장,진흥,TV & 비디오,TV,"52"" LCD HDTV X790W",White,"633,036","1,910,640",9,10.00%,"17,195,760","5,697,324","11,498,436"
1000,2018-02-10,매장,미림상사,컴퓨터,랩탑,노트북19W M0196,Blue,"516,456","1,558,800",16,10.00%,"24,940,800","8,263,296","16,677,504"
1001,2018-02-10,매장,베네디스,컴퓨터,컴퓨터 액세서리,홈 / 사무실 노트북 전원 어댑터 E300,Black,"15,600","30,600",16,10.00%,"489,600","249,600","240,000"
1002,2018-02-10,매장,동광통상,컴퓨터,랩탑,노트북19W M0196,Blue,"516,456","1,558,800",3,10.00%,"4,676,400","1,549,368","3,127,032"
1003,2018-02-10,매장,오성통상,컴퓨터,컴퓨터 액세서리,홈 / 사무실 노트북 전원 어댑터 E300,Black,"15,600","30,600",16,10.00%,"489,600","249,600","240,000"
1004,2018-02-11,매장,협우상사,컴퓨터,프로젝트 & 스크린,프로젝트 720p DLP56,Black,"385,728","838,800",5,10.00%,"4,194,000","1,928,640","2,265,360"
1005,2018-02-11,매장,대진상사,카메라 & 캠코더,카메라 & 캠코더 액세서리,변환 렌즈 M550,Black,"113,124","246,000",3,10.00%,"738,000","339,372","398,628"
1006,2018-02-11,매장,미림 백화점,컴퓨터,프로젝트 & 스크린,프로젝트 720p DLP56,Black,"385,728","838,800",1,10.00%,"838,800","385,728","453,072"
1007,2018-02-11,매장,삼화상사,카메라 & 캠코더,카메라 & 캠코더 액세서리,변환 렌즈 M550,Black,"113,124","246,000",1,10.00%,"246,000","113,124","132,876"
1008,2018-02-13,매장,태강교역,컴퓨터,컴퓨터 액세서리,USB 2.0 도킹 스테이션 M800,Grey,"16,500","35,880",7,10.00%,"251,160","115,500","135,660"
1009,2018-02-13,매장,금강,컴퓨터,컴퓨터 액세서리,USB 2.0 도킹 스테이션 M800,Grey,"16,500","35,880",16,10.00%,"574,080","264,000","310,080"
1010,2018-02-14,매장,신영상사,TV & 비디오,TV,"52"" LCD HDTV X790W",White,"13,188","1,910,640",3,10.00%,"5,731,920","39,564","5,692,356"
1011,2018-02-14,매장,월드링크,음반 & 영화,영화 DVD,DVD 55 DVD 저장 바인더 M56,Black,"13,800","16,601",1,10.00%,"16,601","13,800","2,801"
1012,2018-02-14,매장,우주전산,음반 & 영화,영화 DVD,DVD 55 DVD 저장 바인더 M56,Black,"13,800","22,869",1,10.00%,"22,869","13,800","9,069"
1013,2018-02-14,매장,양정물산,TV & 비디오,TV,"52"" LCD HDTV X790W",White,"13,188","1,910,640",1,10.00%,"1,910,640","13,188","1,897,452"
1014,2018-02-15,매장,글로리아 백화정,휴대폰,사무용 및 가정용 전화기,디지털 무선 확장 휴대폰 전화 M900,White,"18,204","39,588",1,10.00%,"39,588","18,204","21,384"
1015,2018-02-15,매장,서주무역,휴대폰,스마트 폰,8G 메모리 스마트 폰 M400,Gold,"148,440","322,800",1,10.00%,"322,800","148,440","174,360"
1016,2018-02-15,매장,세종물산,휴대폰,스마트 폰,8G 메모리 스마트 폰 M400,Gold,"148,440","322,800",7,10.00%,"2,259,600","1,039,080","1,220,520"
1017,2018-02-15,매장,진흥,휴대폰,사무용 및 가정용 전화기,디지털 무선 확장 휴대폰 전화 M900,White,"18,204","39,588",5,10.00%,"197,940","91,020","106,920"
1018,2018-02-16,매장,미림상사,카메라 & 캠코더,디지털 카메라,"SLR Camera 35"" M358",Black,"196,800","429,600",9,10.00%,"3,866,400","1,771,200","2,095,200"
1019,2018-02-16,매장,동도교역,음반 & 영화,영화 DVD,DVD 9 인치 플레이어 휴대용 M300,White,"116,800","203,940",3,10.00%,"611,820","350,400","261,420"
1020,2018-02-18,매장,베네디스,컴퓨터,컴퓨터 액세서리,블루투스 노트북 마우스 X305,White,"59,640","180,000",1,10.00%,"180,000","59,640","120,360"
1021,2018-02-18,매장,알프스무역,컴퓨터,컴퓨터 액세서리,블루투스 노트북 마우스 X305,White,"59,640","180,000",1,10.00%,"180,000","59,640","120,360"
1022,2018-02-20,매장,협우상사,오디오,블루투스 헤드폰,무선 블루투스 스테레오 헤드폰 E302,White,"22,380","48,660",16,10.00%,"778,560","358,080","420,480"
1023,2018-02-20,매장,유미백화점,오디오,블루투스 헤드폰,무선 블루투스 스테레오 헤드폰 E302,White,"22,380","48,660",5,10.00%,"243,300","111,900","131,400"
1024,2018-02-21,매장,삼양상사,컴퓨터,랩탑,노트북12 M2002,Red,"528,188","629,289",9,10.00%,"5,663,601","4,753,692","909,909"
1025,2018-02-21,매장,대진상사,컴퓨터,랩탑,노트북12 M2002,Red,"428,188","635,747",2,10.00%,"1,271,494","856,376","415,118"
1026,2018-02-26,매장,신세기상사,컴퓨터,"프린터,스캐너,팩스",잉크젯 PDF 스캐너 M300,Black,"87,600","192,000",1,10.00%,"192,000","87,600","104,400"
1027,2018-02-26,매장,이화무역,컴퓨터,랩탑,노트북12 M2002,Red,"250,836","441,600",16,10.00%,"7,065,600","4,013,376","3,052,224"
1028,2018-02-26,매장,금강,컴퓨터,"프린터,스캐너,팩스",잉크젯 PDF 스캐너 M300,Black,"87,600","192,000",2,10.00%,"384,000","175,200","208,800"
1029,2018-02-26,매장,우주전산,컴퓨터,랩탑,노트북12 M2002,Red,"250,836","441,600",5,10.00%,"2,208,000","1,254,180","953,820"
1030,2018-02-27,온라인,태성무역,오디오,블루투스 헤드폰,무선 송신기와 블루투스 헤드폰 M150,Red,"59,628","179,988",2,10.00%,"359,976","119,256","240,720"
1031,2018-02-27,매장,언더우드상사,컴퓨터,프로젝트 & 스크린,스크린 85in E1010,Black,"85,044","166,800",2,10.00%,"333,600","170,088","163,512"
1032,2018-02-27,온라인,세종물산,오디오,블루투스 헤드폰,무선 송신기와 블루투스 헤드폰 M150,Red,"59,628","179,988",3,10.00%,"539,964","178,884","361,080"
1033,2018-02-27,매장,양정물산,컴퓨터,프로젝트 & 스크린,스크린 85in E1010,Black,"85,044","166,800",8,10.00%,"1,334,400","680,352","654,048"
1034,2018-02-28,매장,동도교역,음반 & 영화,영화 DVD,DVD 12인치 플레이어 휴대용 M400,White,"59,640","215,988",4,10.00%,"863,952","238,560","625,392"
1035,2018-02-28,매장,글로리아 백화정,휴대폰,터치 스크린 폰,터치 스크린 폰 5-와이어 / M508,Gold,"142,380","309,600",3,10.00%,"928,800","427,140","501,660"
1036,2018-02-28,매장,샤론통상,휴대폰,터치 스크린 폰,터치 스크린 폰 5-와이어 / M508,Gold,"142,380","309,600",5,10.00%,"1,548,000","711,900","836,100"
1037,2018-02-28,매장,한진무역,음반 & 영화,영화 DVD,DVD 38 DVD 저장 바인더 E25,Black,"59,640","67,248",8,10.00%,"537,984","477,120","60,864"
1038,2018-03-01,매장,알프스무역,컴퓨터,랩탑,노트북12 M2002,Red,"250,836","441,600",8,20.00%,"3,532,800","2,006,688","1,526,112"
1039,2018-03-01,매장,신성무역,컴퓨터,프로젝트 & 스크린,스크린 85in E1010,Black,"85,044","166,800",3,20.00%,"500,400","255,132","245,268"
1040,2018-03-01,매장,유미백화점,컴퓨터,프로젝트 & 스크린,스크린 85in E1010,Black,"85,044","166,800",9,20.00%,"1,501,200","765,396","735,804"
1041,2018-03-01,매장,대한상사,컴퓨터,랩탑,노트북12 M2002,Red,"250,836","441,600",3,20.00%,"1,324,800","752,508","572,292"
1042,2018-03-02,매장,ABC상사,컴퓨터,"프린터,스캐너,팩스",잉크젯 PDF 스캐너 M300,Green,"87,600","192,000",4,20.00%,"768,000","350,400","417,600"
1043,2018-03-02,매장,삼양상사,컴퓨터,"프린터,스캐너,팩스",잉크젯 PDF 스캐너 M300,Green,"87,600","192,000",10,20.00%,"1,920,000","876,000","1,044,000"
1044,2018-03-03,매장,신세기상사,휴대폰,스마트 폰,스마트 폰 E100(카메라없음),Pink,"78,924","154,800",10,20.00%,"1,548,000","789,240","758,760"
1045,2018-03-03,매장,ITM,휴대폰,스마트 폰,스마트 폰 E100(카메라없음),Pink,"78,924","154,800",8,20.00%,"1,238,400","631,392","607,008"
1046,2018-03-04,매장,한미전자,TV & 비디오,TV,"32"" LCD HDTV M130",Silver,"472,368","599,988",2,10.00%,"1,199,976","944,736","255,240"
1047,2018-03-07,카탈로그,투프린트,컴퓨터,랩탑,노트북12 M2002,Red,"250,836","441,600",9,20.00%,"3,974,400","2,257,524","1,716,876"
1048,2018-03-07,매장,이화무역,컴퓨터,랩탑,노트북12 M2002,Red,"250,836","441,600",5,20.00%,"2,208,000","1,254,180","953,820"
1049,2018-03-10,매장,언더우드상사,휴대폰,스마트 폰,스마트 폰 E100(카메라없음),Pink,"195,180","265,060",3,20.00%,"795,180","585,540","209,640"
1050,2018-03-10,온라인,J마켓,휴대폰,스마트 폰,스마트 폰 E100(카메라없음),Pink,"158,180","264,351",50,20.00%,"13,217,550","7,909,000","5,308,550"
1051,2018-03-11,온라인,k마켓,TV & 비디오,TV,"52"" LCD HDTV X790W",White,"11,004","1,910,640",50,20.00%,"95,532,000","550,200","94,981,800"
1052,2018-03-11,매장,태성무역,TV & 비디오,TV,"52"" LCD HDTV X790W",White,"11,004","1,910,640",10,20.00%,"19,106,400","110,040","18,996,360"
1053,2018-03-16,매장,샤론통상,컴퓨터,프로젝트 & 스크린,프로젝트 720p DLP56,Black,"385,728","838,800",1,20.00%,"838,800","385,728","453,072"
1054,2018-03-16,대리점,명성,컴퓨터,프로젝트 & 스크린,프로젝트 720p DLP56,Black,"385,728","838,800",5,20.00%,"4,194,000","1,928,640","2,265,360"
1055,2018-03-17,매장,신영상사,휴대폰,스마트 폰,8G 메모리 스마트 폰 M400,Gold,"148,440","322,800",16,10.00%,"5,164,800","2,375,040","2,789,760"
1056,2018-03-18,매장,한진무역,음반 & 영화,영화 DVD,DVD 55 DVD 저장 바인더 M56,Black,"116,800","206,179",1,20.00%,"206,179","116,800","89,379"
1057,2018-03-18,대리점,가나전자,음반 & 영화,영화 DVD,DVD 55 DVD 저장 바인더 M56,Black,"126,800","199,064",3,20.00%,"597,192","380,400","216,792"
1058,2018-03-20,매장,대한상사,컴퓨터,랩탑,노트북13.3 M3000,Red,"110,124","456,000",7,20.00%,"3,192,000","770,868","2,421,132"
1059,2018-03-20,매장,태화상사,컴퓨터,랩탑,노트북13.3 M3000,Red,"110,124","456,000",50,20.00%,"22,800,000","5,506,200","17,293,800"
1060,2018-03-21,매장,미림상사,TV & 비디오,TV,"37"" 1080p LCD HDTV M150W",White,"607,020","1,319,988",16,10.00%,"21,119,808","9,712,320","11,407,488"
1061,2018-03-22,매장,신성무역,카메라 & 캠코더,카메라 & 캠코더 액세서리,변환 렌즈 M550,Black,"113,124","246,000",1,20.00%,"246,000","113,124","132,876"
1062,2018-03-22,매장,ABC상사,음반 & 영화,영화 DVD,DVD 55 DVD 저장 바인더 M56,Black,"126,800","198,135",3,20.00%,"594,405","380,400","214,005"
1063,2018-03-22,매장,혜성 백화점,카메라 & 캠코더,카메라 & 캠코더 액세서리,변환 렌즈 M550,Black,"113,124","246,000",1,20.00%,"246,000","113,124","132,876"
1064,2018-03-22,매장,샤론통상,음반 & 영화,영화 DVD,DVD 55 DVD 저장 바인더 M56,Black,"106,800","201,143",1,20.00%,"201,143","106,800","94,343"
1065,2018-03-23,매장,ITM,컴퓨터,프로젝트 & 스크린,프로젝트 720p DLP56,Black,"385,728","838,800",1,20.00%,"838,800","385,728","453,072"
1066,2018-03-23,매장,태화상사,컴퓨터,프로젝트 & 스크린,프로젝트 720p DLP56,Black,"385,728","838,800",7,20.00%,"5,871,600","2,700,096","3,171,504"
1067,2018-03-23,매장,신영상사,오디오,블루투스 헤드폰,무선 송신기와 블루투스 헤드폰 X250,Silver,"99,396","299,988",5,20.00%,"1,499,940","496,980","1,002,960"
1068,2018-03-23,매장,ITM,오디오,블루투스 헤드폰,무선 송신기와 블루투스 헤드폰 X250,Silver,"99,396","299,988",1,20.00%,"299,988","99,396","200,592"
1069,2018-03-25,온라인,J마켓,오디오,블루투스 헤드폰,무선 송신기와 블루투스 헤드폰 M150,Red,"59,628","179,988",9,20.00%,"1,619,892","536,652","1,083,240"
1070,2018-03-25,매장,한미전자,오디오,블루투스 헤드폰,무선 송신기와 블루투스 헤드폰 M150,Red,"59,628","179,988",3,20.00%,"539,964","178,884","361,080"
1071,2018-03-26,매장,오성통상,컴퓨터,랩탑,노트북13.3 M3000,Red,"110,124","456,000",8,20.00%,"3,648,000","880,992","2,767,008"
1072,2018-03-26,매장,ABC상사,휴대폰,터치 스크린 폰,터치 스크린 폰 5-와이어 / M508,Gold,"142,380","309,600",7,20.00%,"2,167,200","996,660","1,170,540"
1073,2018-03-29,온라인,k마켓,TV & 비디오,TV,"52"" LCD HDTV X790W",White,"13,188","1,910,640",1,20.00%,"1,910,640","13,188","1,897,452"
1074,2018-03-29,매장,혜성 백화점,TV & 비디오,TV,"52"" LCD HDTV X790W",White,"13,188","1,910,640",1,20.00%,"1,910,640","13,188","1,897,452"
1075,2018-03-30,매장,동광통상,컴퓨터,랩탑,노트북19W M0196,Blue,"516,456","1,558,800",10,20.00%,"15,588,000","5,164,560","10,423,440"
1076,2018-03-30,매장,태화상사,컴퓨터,랩탑,노트북19W M0196,Blue,"516,456","1,558,800",5,20.00%,"7,794,000","2,582,280","5,211,720"
1077,2018-04-02,매장,태화상사,휴대폰,터치 스크린 폰,터치 스크린 폰 5-와이어 / M508,Gold,"142,380","309,600",2,0.00%,"619,200","284,760","334,440"
1078,2018-04-02,매장,동광통상,휴대폰,터치 스크린 폰,터치 스크린 폰 5-와이어 / M508,Gold,"142,380","309,600",9,0.00%,"2,786,400","1,281,420","1,504,980"
1079,2018-04-02,매장,오성통상,컴퓨터,"프린터,스캐너,팩스",잉크젯 PDF 스캐너 M300,Black,"87,600","192,000",1,0.00%,"192,000","87,600","104,400"
1080,2018-04-02,매장,한미전자,컴퓨터,"프린터,스캐너,팩스",잉크젯 PDF 스캐너 M300,Black,"87,600","192,000",2,0.00%,"384,000","175,200","208,800"
1081,2018-04-03,매장,혜성 백화점,휴대폰,스마트 폰,8G 메모리 스마트 폰 M400,Pink,"148,440","322,800",5,0.00%,"1,614,000","742,200","871,800"
1082,2018-04-03,매장,미림 백화점,휴대폰,스마트 폰,8G 메모리 스마트 폰 M400,Pink,"148,440","322,800",10,0.00%,"3,228,000","1,484,400","1,743,600"
1083,2018-04-04,매장,태강교역,오디오,블루투스 헤드폰,차세대 스테레오 블루투스 헤드폰 M370,Yellow,"11,004","159,588",2,0.00%,"319,176","22,008","297,168"
1084,2018-04-04,매장,삼화상사,TV & 비디오,TV,"52"" LCD HDTV X790W",White,"516,456","1,910,640",2,0.00%,"3,821,280","1,032,912","2,788,368"
1085,2018-04-04,매장,태화상사,TV & 비디오,TV,"52"" LCD HDTV X790W",White,"516,456","1,910,640",8,0.00%,"15,285,120","4,131,648","11,153,472"
1086,2018-04-04,매장,동광통상,오디오,블루투스 헤드폰,차세대 스테레오 블루투스 헤드폰 M370,Yellow,"11,004","159,588",3,0.00%,"478,764","33,012","445,752"
1087,2018-04-06,매장,태화상사,TV & 비디오,TV,"52"" LCD HDTV X790W",White,"115,020","1,910,640",1,0.00%,"1,910,640","115,020","1,795,620"
1088,2018-04-06,매장,월드링크,음반 & 영화,영화 DVD,DVD 55 DVD 저장 바인더 M56,Black,"13,800","15,192",5,0.00%,"75,960","69,000","6,960"
1089,2018-04-06,매장,오성통상,음반 & 영화,영화 DVD,DVD 55 DVD 저장 바인더 M56,Black,"13,800","15,192",3,0.00%,"45,576","41,400","4,176"
1090,2018-04-08,매장,신영상사,컴퓨터,컴퓨터 액세서리,홈 / 사무실 노트북 전원 어댑터 E300,Black,"15,600","30,600",8,0.00%,"244,800","124,800","120,000"
1091,2018-04-08,매장,미림 백화점,컴퓨터,컴퓨터 액세서리,홈 / 사무실 노트북 전원 어댑터 E300,Black,"15,600","30,600",4,0.00%,"122,400","62,400","60,000"
1092,2018-04-08,매장,샤론통상,TV & 비디오,TV,"32"" LCD HDTV M130",Silver,"472,368","599,988",4,20.00%,"2,399,952","1,889,472","510,480"
1093,2018-04-09,매장,진흥,휴대폰,스마트 폰,8G 메모리 스마트 폰 M400,White,"148,440","322,800",3,0.00%,"968,400","445,320","523,080"
1094,2018-04-09,매장,서주무역,휴대폰,스마트 폰,8G 메모리 스마트 폰 M400,Gold,"148,440","322,800",3,0.00%,"968,400","445,320","523,080"
1095,2018-04-09,매장,태강교역,휴대폰,스마트 폰,8G 메모리 스마트 폰 M400,White,"148,440","322,800",9,0.00%,"2,905,200","1,335,960","1,569,240"
1096,2018-04-09,매장,삼화상사,휴대폰,스마트 폰,8G 메모리 스마트 폰 M400,Gold,"148,440","322,800",8,0.00%,"2,582,400","1,187,520","1,394,880"
1097,2018-04-10,매장,월드링크,TV & 비디오,TV,"52"" LCD HDTV X790W",White,"633,036","1,910,640",10,0.00%,"19,106,400","6,330,360","12,776,040"
1098,2018-04-10,매장,미림상사,TV & 비디오,TV,"52"" LCD HDTV X790W",White,"633,036","1,910,640",4,0.00%,"7,642,560","2,532,144","5,110,416"
1099,2018-04-10,매장,미림 백화점,컴퓨터,컴퓨터 액세서리,홈 / 사무실 노트북 전원 어댑터 E300,Black,"15,600","30,600",1,0.00%,"30,600","15,600","15,000"
1100,2018-04-10,매장,한미전자,컴퓨터,컴퓨터 액세서리,홈 / 사무실 노트북 전원 어댑터 E300,Black,"15,600","30,600",2,0.00%,"61,200","31,200","30,000"
1101,2018-04-10,온라인,J마켓,휴대폰,스마트 폰,스마트 폰 E100(카메라없음),Pink,"158,180","267,260",10,20.00%,"2,672,600","1,581,800","1,090,800"
1102,2018-04-11,매장,혜성 백화점,휴대폰,스마트 폰,스마트 폰 E100(카메라없음),Pink,"78,924","154,800",9,0.00%,"1,393,200","710,316","682,884"
1103,2018-04-11,매장,한미전자,TV & 비디오,TV,"52"" LCD HDTV X790W",White,"115,020","1,910,640",8,0.00%,"15,285,120","920,160","14,364,960"
1104,2018-04-11,매장,신영상사,TV & 비디오,TV,"52"" LCD HDTV X790W",White,"115,020","1,910,640",10,0.00%,"19,106,400","1,150,200","17,956,200"
1105,2018-04-11,매장,서주무역,휴대폰,스마트 폰,스마트 폰 E100(카메라없음),Pink,"78,924","154,800",5,0.00%,"774,000","394,620","379,380"
1106,2018-04-11,온라인,k마켓,음반 & 영화,영화 DVD,DVD 55 DVD 저장 바인더 M56,Black,"13,800","23,153",20,20.00%,"463,060","276,000","187,060"
1107,2018-04-12,매장,오성통상,TV & 비디오,TV,"52"" LCD HDTV X790W",White,"115,020","1,910,640",5,0.00%,"9,553,200","575,100","8,978,100"
1108,2018-04-12,매장,미림상사,컴퓨터,프로젝트 & 스크린,프로젝트 720p DLP56,Black,"385,728","838,800",10,0.00%,"8,388,000","3,857,280","4,530,720"
1109,2018-04-12,매장,태화상사,컴퓨터,컴퓨터 액세서리,USB 2.0 도킹 스테이션 M800,Grey,"16,500","35,880",10,0.00%,"358,800","165,000","193,800"
1110,2018-04-12,매장,진흥,컴퓨터,컴퓨터 액세서리,USB 2.0 도킹 스테이션 M800,Grey,"16,500","35,880",3,0.00%,"107,640","49,500","58,140"
1111,2018-04-12,매장,미림 백화점,오디오,MP4 & MP3,8GB 수퍼 슬림 MP3/Video Player M800,White,"60,672","131,940",3,0.00%,"395,820","182,016","213,804"
1112,2018-04-12,매장,동광통상,컴퓨터,프로젝트 & 스크린,프로젝트 720p DLP56,Black,"385,728","838,800",14,0.00%,"11,743,200","5,400,192","6,343,008"
1113,2018-04-12,매장,협우상사,오디오,MP4 & MP3,8GB 수퍼 슬림 MP3/Video Player M800,White,"60,672","131,940",1,0.00%,"131,940","60,672","71,268"
1114,2018-04-12,매장,베네디스,TV & 비디오,TV,"52"" LCD HDTV X790W",White,"115,020","1,910,640",1,0.00%,"1,910,640","115,020","1,795,620"
1115,2018-04-13,매장,우주전산,음반 & 영화,영화 DVD,DVD 9 인치 플레이어 휴대용 M300,White,"196,800","203,777",3,0.00%,"611,331","590,400","20,931"
1116,2018-04-13,매장,태화상사,카메라 & 캠코더,캠코더,Social Videographer 1/3'' 8.5mm E200,Grey,"100,944","198,000",8,0.00%,"1,584,000","807,552","776,448"
1117,2018-04-13,매장,금강,휴대폰,스마트 폰,Microsoft Windows Mobile M200,Grey,"126,372","274,800",1,0.00%,"274,800","126,372","148,428"
1118,2018-04-13,매장,태강교역,휴대폰,스마트 폰,Microsoft Windows Mobile M200,Grey,"126,372","274,800",1,0.00%,"274,800","126,372","148,428"
1119,2018-04-13,매장,삼화상사,휴대폰,스마트 폰,8G 메모리 스마트 폰 M400,Pink,"148,440","322,800",14,0.00%,"4,519,200","2,078,160","2,441,040"
1120,2018-04-13,매장,월드링크,카메라 & 캠코더,디지털 카메라,"SLR Camera 35"" M358",Black,"196,800","429,600",1,0.00%,"429,600","196,800","232,800"
1121,2018-04-13,매장,대진상사,휴대폰,스마트 폰,8G 메모리 스마트 폰 M400,Pink,"148,440","322,800",7,0.00%,"2,259,600","1,039,080","1,220,520"
1122,2018-04-14,매장,신영상사,오디오,블루투스 헤드폰,블루투스 액티브 헤드폰 E202,Silver,"20,940","45,540",7,0.00%,"318,780","146,580","172,200"
1123,2018-04-14,매장,양정물산,오디오,블루투스 헤드폰,블루투스 액티브 헤드폰 E202,Silver,"20,940","45,540",1,0.00%,"45,540","20,940","24,600"
1124,2018-04-15,매장,세종물산,음반 & 영화,영화 DVD,DVD 55 DVD 저장 바인더 M56,Black,"13,800","15,192",5,0.00%,"75,960","69,000","6,960"
1125,2018-04-15,매장,서주무역,음반 & 영화,영화 DVD,DVD 55 DVD 저장 바인더 M56,Black,"13,800","15,192",1,0.00%,"15,192","13,800","1,392"
1126,2018-04-16,매장,미림상사,TV & 비디오,TV,"32"" LCD HDTV M130",White,"397,584","599,988",1,0.00%,"599,988","397,584","202,404"
1127,2018-04-16,매장,베네디스,휴대폰,스마트 폰,스마트 폰 E100(카메라없음),Pink,"78,924","154,800",5,0.00%,"774,000","394,620","379,380"
1128,2018-04-16,매장,동도교역,음반 & 영화,영화 DVD,DVD 9 인치 플레이어 휴대용 M300,Black,"397,584","405,721",1,0.00%,"405,721","397,584","8,137"
1129,2018-04-16,매장,글로리아 백화정,오디오,블루투스 헤드폰,차세대 스테레오 블루투스 헤드폰 M370,Yellow,"11,004","159,588",9,0.00%,"1,436,292","99,036","1,337,256"
1130,2018-04-16,매장,진흥,오디오,블루투스 헤드폰,차세대 스테레오 블루투스 헤드폰 M370,Yellow,"11,004","159,588",3,0.00%,"478,764","33,012","445,752"
1131,2018-04-16,매장,알프스무역,휴대폰,스마트 폰,스마트 폰 E100(카메라없음),Pink,"78,924","154,800",10,0.00%,"1,548,000","789,240","758,760"
1132,2018-04-17,매장,협우상사,컴퓨터,컴퓨터 액세서리,블루투스 노트북 마우스 X305,White,"59,640","180,000",9,0.00%,"1,620,000","536,760","1,083,240"
1133,2018-04-17,매장,유미백화점,음반 & 영화,영화 DVD,DVD 38 DVD 저장 바인더 E25,Black,"59,640","65,567",2,0.00%,"131,134","119,280","11,854"
1134,2018-04-18,매장,신세기상사,TV & 비디오,TV,"52"" LCD HDTV X790W",White,"115,020","1,910,640",5,0.00%,"9,553,200","575,100","8,978,100"
1135,2018-04-18,매장,삼양상사,음반 & 영화,영화 DVD,DVD 9 인치 플레이어 휴대용 M300,Black,"100,944","191,988",2,0.00%,"383,976","201,888","182,088"
1136,2018-04-18,매장,금강,TV & 비디오,TV,"52"" LCD HDTV X790W",White,"115,020","1,910,640",14,0.00%,"26,748,960","1,610,280","25,138,680"
1137,2018-04-18,매장,대진상사,음반 & 영화,영화 DVD,DVD 9 인치 플레이어 휴대용 M300,Black,"100,944","191,988",1,0.00%,"191,988","100,944","91,044"
1138,2018-04-19,매장,양정물산,컴퓨터,컴퓨터 액세서리,블루투스 노트북 마우스 X305,Grey,"59,640","180,000",2,0.00%,"360,000","119,280","240,720"
1139,2018-04-19,매장,우주전산,TV & 비디오,TV,"32"" LCD HDTV M130",Silver,"472,368","599,988",2,0.00%,"1,199,976","944,736","255,240"
1140,2018-04-19,매장,이화무역,TV & 비디오,TV,"32"" LCD HDTV M130",Silver,"472,368","599,988",8,0.00%,"4,799,904","3,778,944","1,020,960"
1141,2018-04-19,매장,미림상사,컴퓨터,랩탑,노트북15.4W M1548,White,"418,296","909,600",3,0.00%,"2,728,800","1,254,888","1,473,912"
1142,2018-04-19,매장,언더우드상사,컴퓨터,컴퓨터 액세서리,블루투스 노트북 마우스 X305,Grey,"59,640","180,000",3,0.00%,"540,000","178,920","361,080"
1143,2018-04-20,매장,양정물산,음반 & 영화,영화 DVD,DVD 55 DVD 저장 바인더 M56,Black,"126,800","203,632",5,20.00%,"1,018,160","634,000","384,160"
1144,2018-04-20,매장,세종물산,TV & 비디오,TV,"52"" LCD HDTV X790W",White,"633,036","1,910,640",3,20.00%,"5,731,920","1,899,108","3,832,812"
1145,2018-04-21,매장,샤론통상,음반 & 영화,영화 DVD,DVD 38 DVD 저장 바인더 E25,Black,"59,640","66,715",4,0.00%,"266,860","238,560","28,300"
1146,2018-04-21,매장,세종물산,휴대폰,스마트 폰,Microsoft Windows Mobile M200,Grey,"126,372","274,800",5,0.00%,"1,374,000","631,860","742,140"
1147,2018-04-21,매장,태성무역,휴대폰,스마트 폰,Microsoft Windows Mobile M200,Grey,"126,372","274,800",3,0.00%,"824,400","379,116","445,284"
1148,2018-04-21,매장,글로리아 백화정,음반 & 영화,영화 DVD,DVD 38 DVD 저장 바인더 E25,Black,"59,640","67,359",8,0.00%,"538,872","477,120","61,752"
1149,2018-04-22,매장,협우상사,휴대폰,스마트 폰,8G 메모리 스마트 폰 M400,Pink,"148,440","322,800",8,0.00%,"2,582,400","1,187,520","1,394,880"
1150,2018-04-22,온라인,한진무역,TV & 비디오,TV,"52"" LCD HDTV X790W",White,"633,036","1,910,640",8,0.00%,"15,285,120","5,064,288","10,220,832"
1151,2018-04-22,온라인,동도교역,TV & 비디오,TV,"52"" LCD HDTV X790W",White,"633,036","1,910,640",3,0.00%,"5,731,920","1,899,108","3,832,812"
1152,2018-04-24,매장,삼양상사,카메라 & 캠코더,캠코더,"Trendsetter 1"" 25mm X400",Blue,"397,584","1,200,000",8,0.00%,"9,600,000","3,180,672","6,419,328"
1153,2018-04-24,매장,알프스무역,음반 & 영화,영화 DVD,DVD 9 인치 플레이어 휴대용 M300,Black,"397,584","402,042",3,0.00%,"1,206,126","1,192,752","13,374"
1154,2018-04-24,매장,대한상사,TV & 비디오,TV,"32"" LCD HDTV M130",White,"397,584","599,988",9,0.00%,"5,399,892","3,578,256","1,821,636"
1155,2018-04-24,매장,유미백화점,휴대폰,스마트 폰,스마트 폰 E100(카메라없음),Pink,"78,924","154,800",4,0.00%,"619,200","315,696","303,504"
1156,2018-04-24,매장,ABC상사,카메라 & 캠코더,캠코더,"Trendsetter 1"" 25mm X400",Blue,"397,584","1,200,000",10,0.00%,"12,000,000","3,975,840","8,024,160"
1157,2018-04-24,매장,신성무역,휴대폰,스마트 폰,스마트 폰 E100(카메라없음),Pink,"78,924","154,800",10,0.00%,"1,548,000","789,240","758,760"
1158,2018-04-25,매장,이화무역,컴퓨터,컴퓨터 액세서리,블루투스 노트북 마우스 X305,Grey,"59,640","180,000",14,0.00%,"2,520,000","834,960","1,685,040"
1159,2018-04-25,매장,삼화상사,컴퓨터,컴퓨터 액세서리,블루투스 노트북 마우스 X305,Grey,"59,640","180,000",8,0.00%,"1,440,000","477,120","962,880"
1160,2018-04-25,매장,신세기상사,컴퓨터,컴퓨터 액세서리,대용량 배터리 M800,Grey,"15,396","33,480",9,0.00%,"301,320","138,564","162,756"
1161,2018-04-25,매장,ITM,컴퓨터,컴퓨터 액세서리,대용량 배터리 M800,Grey,"15,396","33,480",5,0.00%,"167,400","76,980","90,420"
1162,2018-04-25,매장,언더우드상사,휴대폰,스마트 폰,8G 메모리 스마트 폰 M400,White,"148,440","322,800",5,20.00%,"1,614,000","742,200","871,800"
1163,2018-04-25,매장,신영상사,음반 & 영화,영화 DVD,DVD 12인치 플레이어 휴대용 M400,White,"59,640","215,988",3,0.00%,"647,964","178,920","469,044"
1164,2018-04-26,온라인,J마켓,TV & 비디오,TV,"26"" 720p LCD HDTV M140",White,"259,344","563,964",10,0.00%,"5,639,640","2,593,440","3,046,200"
1165,2018-04-26,매장,언더우드상사,TV & 비디오,TV,"26"" 720p LCD HDTV M140",White,"259,344","563,964",14,0.00%,"7,895,496","3,630,816","4,264,680"
1166,2018-04-29,매장,태성무역,휴대폰,사무용 및 가정용 전화기,디지털 무선 확장 휴대폰 전화 M900,White,"18,204","39,588",5,0.00%,"197,940","91,020","106,920"
1167,2018-04-29,온라인,k마켓,휴대폰,사무용 및 가정용 전화기,디지털 무선 확장 휴대폰 전화 M900,White,"18,204","39,588",1,0.00%,"39,588","18,204","21,384"
1168,2018-04-30,매장,샤론통상,컴퓨터,컴퓨터 액세서리,블루투스 노트북 마우스 X305,White,"59,640","180,000",3,0.00%,"540,000","178,920","361,080"
1169,2018-04-30,매장,동광통상,컴퓨터,컴퓨터 액세서리,블루투스 노트북 마우스 X305,White,"59,640","180,000",1,0.00%,"180,000","59,640","120,360"
1170,2018-05-01,온라인,k마켓,휴대폰,스마트 폰,스마트 폰 E100(카메라없음),Pink,"258,180","354,800",4,0.00%,"1,419,200","1,032,720","386,480"
1171,2018-05-03,매장,동광통상,음반 & 영화,영화 DVD,DVD 9 인치 플레이어 휴대용 M300,Black,"100,944","191,988",7,0.00%,"1,343,916","706,608","637,308"
1172,2018-05-04,매장,서주무역,오디오,블루투스 헤드폰,블루투스 액티브 헤드폰 E202,Silver,"20,940","45,540",1,0.00%,"45,540","20,940","24,600"
1173,2018-05-04,매장,태화상사,컴퓨터,컴퓨터 액세서리,USB 2.0 도킹 스테이션 M800,Grey,"16,500","35,880",7,0.00%,"251,160","115,500","135,660"
1174,2018-05-04,매장,한진무역,컴퓨터,컴퓨터 액세서리,USB 2.0 도킹 스테이션 M800,Grey,"16,500","35,880",14,0.00%,"502,320","231,000","271,320"
1175,2018-05-05,매장,우주전산,음반 & 영화,영화 DVD,DVD 12인치 플레이어 휴대용 M400,Silver,"18,288","215,988",5,0.00%,"1,079,940","91,440","988,500"
1176,2018-05-06,매장,오성통상,TV & 비디오,TV,"40"" LCD HDTV M690",White,"471,120","1,421,964",1,0.00%,"1,421,964","471,120","950,844"
1177,2018-05-08,매장,태성무역,TV & 비디오,TV,"37"" 1080p LCD HDTV M150W",White,"607,020","1,319,988",10,0.00%,"13,199,880","6,070,200","7,129,680"
1178,2018-05-08,매장,한미전자,휴대폰,스마트 폰,PDA GPS Phone 4.7 inch L950,Silver,"146,316","441,600",1,0.00%,"441,600","146,316","295,284"
1179,2018-05-08,매장,유미백화점,오디오,블루투스 헤드폰,무선 송신기와 블루투스 헤드폰 M150,Red,"59,628","179,988",9,0.00%,"1,619,892","536,652","1,083,240"
1180,2018-05-08,매장,언더우드상사,오디오,MP4 & MP3,8GB 수퍼 슬림 MP3/Video Player M800,White,"60,672","131,940",3,0.00%,"395,820","182,016","213,804"
1181,2018-05-08,매장,세종물산,음반 & 영화,영화 DVD,DVD 12인치 플레이어 휴대용 M400,Silver,"18,288","215,988",5,0.00%,"1,079,940","91,440","988,500"
1182,2018-05-08,매장,대한상사,휴대폰,스마트 폰,PDA GPS Phone 4.7 inch L950,Silver,"146,316","441,600",1,0.00%,"441,600","146,316","295,284"
1183,2018-05-09,매장,혜성 백화점,TV & 비디오,TV,"52"" LCD HDTV X790W",White,"13,188","1,910,640",3,0.00%,"5,731,920","39,564","5,692,356"
1184,2018-05-09,매장,신성무역,TV & 비디오,TV,"52"" LCD HDTV X790W",White,"13,188","1,910,640",1,0.00%,"1,910,640","13,188","1,897,452"
1185,2018-05-11,온라인,J마켓,휴대폰,스마트 폰,스마트 폰 E100(카메라없음),Pink,"258,180","354,800",9,0.00%,"3,193,200","2,323,620","869,580"
1186,2018-05-12,매장,태화상사,오디오,블루투스 헤드폰,무선 블루투스 스테레오 헤드폰 E302,White,"22,380","48,660",1,0.00%,"48,660","22,380","26,280"
1187,2018-05-12,매장,태화상사,오디오,MP4 & MP3,8GB 수퍼 슬림 MP3/Video Player M800,White,"60,672","131,940",8,0.00%,"1,055,520","485,376","570,144"
1188,2018-05-12,매장,ABC상사,오디오,블루투스 헤드폰,무선 블루투스 스테레오 헤드폰 E302,White,"22,380","48,660",7,0.00%,"340,620","156,660","183,960"
1189,2018-05-12,매장,ABC상사,TV & 비디오,TV,"52"" LCD HDTV X790W",White,"633,036","1,910,640",7,0.00%,"13,374,480","4,431,252","8,943,228"
1190,2018-05-13,매장,동광통상,오디오,블루투스 헤드폰,무선 송신기와 블루투스 헤드폰 M150,Red,"59,628","179,988",5,0.00%,"899,940","298,140","601,800"
1191,2018-05-13,카탈로그,투프린트,휴대폰,스마트 폰,8G 메모리 스마트 폰 M400,Pink,"148,440","322,800",3,0.00%,"968,400","445,320","523,080"
1192,2018-05-13,매장,오성통상,휴대폰,스마트 폰,8G 메모리 스마트 폰 M400,Pink,"148,440","322,800",9,0.00%,"2,905,200","1,335,960","1,569,240"
1193,2018-05-13,매장,ITM,오디오,블루투스 헤드폰,무선 송신기와 블루투스 헤드폰 M150,Red,"59,628","179,988",1,0.00%,"179,988","59,628","120,360"
1194,2018-05-14,온라인,J마켓,음반 & 영화,영화 DVD,DVD 55 DVD 저장 바인더 M56,Black,"196,800","215,192",1,0.00%,"215,192","196,800","18,392"
1195,2018-05-14,온라인,미림 백화점,음반 & 영화,영화 DVD,DVD 55 DVD 저장 바인더 M56,Black,"196,800","215,192",1,0.00%,"215,192","196,800","18,392"
1196,2018-05-14,온라인,금강,음반 & 영화,영화 DVD,DVD 55 DVD 저장 바인더 M56,Black,"196,800","215,192",13,0.00%,"2,797,496","2,558,400","239,096"
1197,2018-05-15,매장,진흥,오디오,블루투스 헤드폰,무선 블루투스 스테레오 헤드폰 E302,White,"22,380","48,660",3,0.00%,"145,980","67,140","78,840"
1198,2018-05-16,매장,동도교역,컴퓨터,컴퓨터 액세서리,USB 2.0 도킹 스테이션 M800,Grey,"16,500","35,880",1,0.00%,"35,880","16,500","19,380"
1199,2018-05-16,매장,양정물산,컴퓨터,랩탑,노트북12W M2080,Silver,"196,800","478,800",1,0.00%,"478,800","196,800","282,000"
1200,2018-05-16,매장,삼화상사,음반 & 영화,영화 DVD,DVD 55 DVD 저장 바인더 M56,Black,"13,800","15,192",4,0.00%,"60,768","55,200","5,568"
1201,2018-05-17,매장,언더우드상사,TV & 비디오,TV,"52"" LCD HDTV X790W",White,"13,188","1,910,640",3,0.00%,"5,731,920","39,564","5,692,356"
1202,2018-05-17,매장,신영상사,휴대폰,터치 스크린 폰,터치 스크린 폰 5-와이어 / M508,Gold,"142,380","309,600",1,0.00%,"309,600","142,380","167,220"
1203,2018-05-17,매장,알프스무역,TV & 비디오,TV,"26"" 720p LCD HDTV M140",White,"259,344","563,964",10,0.00%,"5,639,640","2,593,440","3,046,200"
1204,2018-05-18,매장,우주전산,오디오,MP4 & MP3,8GB 수퍼 슬림 MP3/Video Player M800,White,"60,672","131,940",1,0.00%,"131,940","60,672","71,268"
1205,2018-05-19,온라인,k마켓,컴퓨터,프로젝트 & 스크린,프로젝트 720p DLP56,Black,"385,728","838,800",5,0.00%,"4,194,000","1,928,640","2,265,360"
1206,2018-05-19,매장,삼화상사,컴퓨터,프로젝트 & 스크린,프로젝트 720p DLP56,Black,"385,728","838,800",10,0.00%,"8,388,000","3,857,280","4,530,720"
1207,2018-05-20,매장,언더우드상사,음반 & 영화,영화 DVD,DVD 12인치 플레이어 휴대용 M400,Silver,"18,288","215,988",3,0.00%,"647,964","54,864","593,100"
1208,2018-05-20,매장,한미전자,컴퓨터,컴퓨터 액세서리,블루투스 노트북 마우스 X305,White,"59,640","180,000",1,0.00%,"180,000","59,640","120,360"
1209,2018-05-21,매장,동광통상,TV & 비디오,TV,"40"" LCD HDTV M690",White,"471,120","1,421,964",5,0.00%,"7,109,820","2,355,600","4,754,220"
1210,2018-05-22,온라인,J마켓,TV & 비디오,TV,"52"" LCD HDTV X790W",White,"115,020","1,910,640",3,0.00%,"5,731,920","345,060","5,386,860"
1211,2018-05-24,매장,한미전자,음반 & 영화,영화 DVD,DVD 14인치 플레이어 휴대용 L200,White,"115,296","347,988",3,0.00%,"1,043,964","345,888","698,076"
1212,2018-05-24,매장,대한상사,음반 & 영화,영화 DVD,DVD 12인치 플레이어 휴대용 M400,White,"59,640","215,988",9,0.00%,"1,943,892","536,760","1,407,132"
1213,2018-05-25,매장,금강,TV & 비디오,TV,"52"" LCD HDTV X790W",White,"115,020","1,910,640",10,0.00%,"19,106,400","1,150,200","17,956,200"
1214,2018-05-25,매장,태강교역,TV & 비디오,TV,"52"" LCD HDTV X790W",White,"633,036","1,910,640",2,0.00%,"3,821,280","1,266,072","2,555,208"
1215,2018-05-25,대리점,명성,TV & 비디오,TV,"52"" LCD HDTV X790W",White,"633,036","1,910,640",9,0.00%,"17,195,760","5,697,324","11,498,436"
1216,2018-05-25,매장,대진상사,TV & 비디오,TV,"52"" LCD HDTV X790W",White,"516,456","1,910,640",9,0.00%,"17,195,760","4,648,104","12,547,656"
1217,2018-05-26,매장,신영상사,컴퓨터,컴퓨터 액세서리,블루투스 노트북 마우스 X305,Grey,"59,640","180,000",3,0.00%,"540,000","178,920","361,080"
1218,2018-05-26,매장,유미백화점,컴퓨터,컴퓨터 액세서리,USB 2.0 도킹 스테이션 M800,Grey,"16,500","35,880",7,0.00%,"251,160","115,500","135,660"
1219,2018-05-26,대리점,가나전자,오디오,블루투스 헤드폰,무선 송신기와 블루투스 헤드폰 X250,Silver,"99,396","299,988",1,0.00%,"299,988","99,396","200,592"
1220,2018-05-26,매장,월드링크,오디오,블루투스 헤드폰,무선 송신기와 블루투스 헤드폰 X250,Silver,"99,396","299,988",2,0.00%,"599,976","198,792","401,184"
1221,2018-05-27,매장,태성무역,음반 & 영화,영화 DVD,DVD 55 DVD 저장 바인더 M56,Black,"196,800","201,865",9,0.00%,"1,816,785","1,771,200","45,585"
1222,2018-05-27,매장,대진상사,음반 & 영화,영화 DVD,DVD 55 DVD 저장 바인더 M56,Black,"196,800","198,197",3,0.00%,"594,591","590,400","4,191"
1223,2018-05-28,매장,베네디스,TV & 비디오,TV,"37"" 1080p LCD HDTV M150W",White,"607,020","1,319,988",14,0.00%,"18,479,832","8,498,280","9,981,552"
1224,2018-05-28,매장,신영상사,TV & 비디오,TV,"37"" 1080p LCD HDTV M150W",White,"607,020","1,319,988",5,0.00%,"6,599,940","3,035,100","3,564,840"
1225,2018-05-29,매장,ABC상사,카메라 & 캠코더,디지털 카메라,"SLR Camera 35"" M358",Silver,"196,800","429,600",5,0.00%,"2,148,000","984,000","1,164,000"
1226,2018-05-29,온라인,J마켓,휴대폰,스마트 폰,8G 메모리 스마트 폰 M400,Gold,"148,440","322,800",3,0.00%,"968,400","445,320","523,080"
1227,2018-05-29,매장,알프스무역,카메라 & 캠코더,캠코더,"Trendsetter 1"" 25mm X400",Blue,"397,584","1,200,000",2,0.00%,"2,400,000","795,168","1,604,832"
1228,2018-05-29,매장,글로리아 백화정,카메라 & 캠코더,디지털 카메라,"SLR Camera 35"" M358",Silver,"196,800","429,600",10,0.00%,"4,296,000","1,968,000","2,328,000"
1229,2018-05-29,매장,양정물산,음반 & 영화,영화 DVD,DVD 55 DVD 저장 바인더 M56,Black,"13,800","15,192",9,0.00%,"136,728","124,200","12,528"
1230,2018-05-29,매장,양정물산,오디오,블루투스 헤드폰,무선 블루투스 스테레오 헤드폰 E102,White,"15,396","57,540",8,0.00%,"460,320","123,168","337,152"
1231,2018-05-29,매장,신성무역,오디오,블루투스 헤드폰,무선 블루투스 스테레오 헤드폰 E302,White,"22,380","48,660",2,0.00%,"97,320","44,760","52,560"
1232,2018-05-30,매장,서주무역,컴퓨터,프로젝트 & 스크린,프로젝트 720p DLP56,Black,"385,728","838,800",8,0.00%,"6,710,400","3,085,824","3,624,576"
1233,2018-05-30,매장,혜성 백화점,카메라 & 캠코더,카메라 & 캠코더 액세서리,변환 렌즈 M550,Black,"113,124","246,000",10,0.00%,"2,460,000","1,131,240","1,328,760"
1234,2018-05-30,매장,태강교역,오디오,블루투스 헤드폰,무선 블루투스 스테레오 헤드폰 E102,White,"113,124","119,722",7,0.00%,"838,054","791,868","46,186"
1235,2018-05-30,매장,협우상사,컴퓨터,프로젝트 & 스크린,프로젝트 720p DLP56,Black,"385,728","838,800",2,0.00%,"1,677,600","771,456","906,144"
1236,2018-05-30,매장,신성무역,음반 & 영화,영화 DVD,DVD 9 인치 플레이어 휴대용 M300,Black,"397,584","406,686",5,0.00%,"2,033,430","1,987,920","45,510"
1237,2018-05-31,매장,서주무역,오디오,블루투스 헤드폰,무선 블루투스 스테레오 헤드폰 E302,White,"22,380","48,660",1,0.00%,"48,660","22,380","26,280"
1238,2018-05-31,온라인,k마켓,오디오,블루투스 헤드폰,무선 블루투스 스테레오 헤드폰 E302,White,"22,380","48,660",7,0.00%,"340,620","156,660","183,960"
1239,2018-06-01,매장,금강,휴대폰,사무용 및 가정용 전화기,디지털 무선 확장 휴대폰 전화 M900,White,"18,204","39,588",5,0.00%,"197,940","91,020","106,920"
1240,2018-06-01,매장,진흥,컴퓨터,컴퓨터 액세서리,홈 / 사무실 노트북 전원 어댑터 E300,Black,"15,600","30,600",3,0.00%,"91,800","46,800","45,000"
1241,2018-06-01,매장,미림상사,휴대폰,사무용 및 가정용 전화기,디지털 무선 확장 휴대폰 전화 M900,White,"18,204","39,588",3,0.00%,"118,764","54,612","64,152"
1242,2018-06-01,매장,우주전산,TV & 비디오,TV,"52"" LCD HDTV X790W",White,"115,020","1,910,640",5,20.00%,"9,553,200","575,100","8,978,100"
1243,2018-06-01,매장,대진상사,컴퓨터,컴퓨터 액세서리,홈 / 사무실 노트북 전원 어댑터 E300,Black,"15,600","30,600",2,0.00%,"61,200","31,200","30,000"
1244,2018-06-02,매장,동도교역,휴대폰,스마트 폰,Microsoft Windows Mobile M200,Grey,"126,372","274,800",4,20.00%,"1,099,200","505,488","593,712"
1245,2018-06-03,매장,신세기상사,컴퓨터,"프린터,스캐너,팩스",잉크젯 PDF 스캐너 M300,Black,"87,600","192,000",10,20.00%,"1,920,000","876,000","1,044,000"
1246,2018-06-04,매장,우주전산,오디오,블루투스 헤드폰,블루투스 액티브 헤드폰 E202,Silver,"397,584","401,820",8,0.00%,"3,214,560","3,180,672","33,888"
1247,2018-06-04,매장,대한상사,오디오,블루투스 헤드폰,무선 송신기와 블루투스 헤드폰 M150,Red,"59,628","179,988",7,20.00%,"1,259,916","417,396","842,520"
1248,2018-06-04,매장,샤론통상,휴대폰,스마트 폰,8G 메모리 스마트 폰 M400,White,"148,440","322,800",25,20.00%,"8,070,000","3,711,000","4,359,000"
1249,2018-06-04,매장,베네디스,오디오,블루투스 헤드폰,블루투스 액티브 헤드폰 E202,Silver,"397,584","399,761",4,0.00%,"1,599,044","1,590,336","8,708"
1250,2018-06-04,매장,세종물산,카메라 & 캠코더,디지털 카메라,"SLR Camera 35"" M358",Black,"196,800","429,600",1,0.00%,"429,600","196,800","232,800"
1251,2018-06-05,매장,글로리아 백화정,TV & 비디오,TV,"52"" LCD HDTV X790W",White,"13,188","1,910,640",4,0.00%,"7,642,560","52,752","7,589,808"
1252,2018-06-05,매장,양정물산,컴퓨터,랩탑,노트북13.3 M3000,Red,"110,124","456,000",3,0.00%,"1,368,000","330,372","1,037,628"
1253,2018-06-05,매장,협우상사,컴퓨터,랩탑,노트북13.3 M3000,Red,"110,124","456,000",8,0.00%,"3,648,000","880,992","2,767,008"
1254,2018-06-05,매장,세종물산,휴대폰,스마트 폰,PDA Handheld 4.7 inch L650,Black,"154,656","466,800",3,0.00%,"1,400,400","463,968","936,432"
1255,2018-06-05,매장,금강,TV & 비디오,TV,"52"" LCD HDTV X790W",White,"13,188","1,910,640",10,0.00%,"19,106,400","131,880","18,974,520"
1256,2018-06-05,매장,대진상사,휴대폰,스마트 폰,PDA Handheld 4.7 inch L650,Black,"154,656","466,800",9,0.00%,"4,201,200","1,391,904","2,809,296"
1257,2018-06-06,매장,양정물산,컴퓨터,컴퓨터 액세서리,대용량 배터리 M800,Grey,"15,396","33,480",5,0.00%,"167,400","76,980","90,420"
1258,2018-06-06,매장,우주전산,오디오,블루투스 헤드폰,무선 블루투스 스테레오 헤드폰 E302,White,"22,380","48,660",10,0.00%,"486,600","223,800","262,800"
1259,2018-06-06,매장,혜성 백화점,컴퓨터,컴퓨터 액세서리,대용량 배터리 M800,Grey,"15,396","33,480",9,0.00%,"301,320","138,564","162,756"
1260,2018-06-06,매장,한미전자,오디오,블루투스 헤드폰,무선 블루투스 스테레오 헤드폰 E302,White,"22,380","48,660",8,0.00%,"389,280","179,040","210,240"
1261,2018-06-07,매장,태화상사,TV & 비디오,TV,"37"" 1080p LCD HDTV M150W",White,"607,020","1,319,988",14,0.00%,"18,479,832","8,498,280","9,981,552"
1262,2018-06-07,매장,동광통상,TV & 비디오,TV,"37"" 1080p LCD HDTV M150W",White,"607,020","1,319,988",3,20.00%,"3,959,964","1,821,060","2,138,904"
1263,2018-06-07,매장,혜성 백화점,휴대폰,스마트 폰,스마트 폰 E100(카메라없음),Pink,"128,180","262,460",5,20.00%,"1,312,300","640,900","671,400"
1264,2018-06-07,매장,세종물산,TV & 비디오,TV,"37"" 1080p LCD HDTV M150W",White,"607,020","1,319,988",3,0.00%,"3,959,964","1,821,060","2,138,904"
1265,2018-06-08,매장,미림 백화점,음반 & 영화,영화 DVD,DVD 38 DVD 저장 바인더 E25,Black,"59,640","68,467",3,0.00%,"205,401","178,920","26,481"
1266,2018-06-08,온라인,오성통상,오디오,블루투스 헤드폰,무선 송신기와 블루투스 헤드폰 M150,Red,"59,628","179,988",5,0.00%,"899,940","298,140","601,800"
1267,2018-06-08,매장,글로리아 백화정,오디오,블루투스 헤드폰,블루투스 액티브 헤드폰 E202,Silver,"20,940","45,540",10,0.00%,"455,400","209,400","246,000"
1268,2018-06-08,온라인,동도교역,오디오,블루투스 헤드폰,무선 송신기와 블루투스 헤드폰 M150,Red,"59,628","179,988",1,0.00%,"179,988","59,628","120,360"
1269,2018-06-08,매장,알프스무역,음반 & 영화,영화 DVD,DVD 12인치 플레이어 휴대용 M400,White,"59,640","215,988",1,0.00%,"215,988","59,640","156,348"
1270,2018-06-08,매장,신세기상사,오디오,블루투스 헤드폰,무선 블루투스 스테레오 헤드폰 E102,White,"100,944","102,226",1,0.00%,"102,226","100,944","1,282"
1271,2018-06-08,매장,동광통상,오디오,블루투스 헤드폰,블루투스 액티브 헤드폰 E202,Silver,"20,940","45,540",14,0.00%,"637,560","293,160","344,400"
1272,2018-06-08,매장,월드링크,컴퓨터,컴퓨터 액세서리,블루투스 노트북 마우스 X305,Grey,"59,640","180,000",8,0.00%,"1,440,000","477,120","962,880"
1273,2018-06-10,매장,삼양상사,휴대폰,스마트 폰,스마트 폰 E100(카메라없음),Pink,"258,180","260,985",1,0.00%,"260,985","258,180","2,805"
1274,2018-06-10,매장,태강교역,휴대폰,스마트 폰,스마트 폰 E100(카메라없음),Pink,"258,180","267,098",1,0.00%,"267,098","258,180","8,918"
1275,2018-06-10,매장,유미백화점,오디오,블루투스 헤드폰,무선 블루투스 스테레오 헤드폰 E302,White,"22,380","48,660",7,0.00%,"340,620","156,660","183,960"
1276,2018-06-10,매장,삼화상사,오디오,블루투스 헤드폰,무선 블루투스 스테레오 헤드폰 E302,White,"22,380","48,660",14,0.00%,"681,240","313,320","367,920"
1277,2018-06-11,매장,미림상사,휴대폰,스마트 폰,Microsoft Windows Mobile M200,Grey,"126,372","274,800",10,20.00%,"2,748,000","1,263,720","1,484,280"
1278,2018-06-12,매장,신세기상사,TV & 비디오,TV,"52"" LCD HDTV X790W",White,"11,004","1,910,640",3,0.00%,"5,731,920","33,012","5,698,908"
1279,2018-06-12,매장,글로리아 백화정,TV & 비디오,TV,"52"" LCD HDTV X790W",White,"633,036","1,910,640",1,0.00%,"1,910,640","633,036","1,277,604"
1280,2018-06-12,매장,세종물산,오디오,블루투스 헤드폰,무선 송신기와 블루투스 헤드폰 M150,Red,"59,628","179,988",5,20.00%,"899,940","298,140","601,800"
1281,2018-06-12,매장,월드링크,TV & 비디오,TV,"52"" LCD HDTV X790W",White,"11,004","1,910,640",1,0.00%,"1,910,640","11,004","1,899,636"
1282,2018-06-13,매장,이화무역,휴대폰,스마트 폰,8G 메모리 스마트 폰 M400,White,"148,440","322,800",1,0.00%,"322,800","148,440","174,360"
1283,2018-06-13,매장,신영상사,휴대폰,스마트 폰,8G 메모리 스마트 폰 M400,White,"148,440","322,800",7,0.00%,"2,259,600","1,039,080","1,220,520"
1284,2018-06-14,온라인,진흥,음반 & 영화,영화 DVD,DVD 55 DVD 저장 바인더 M56,Black,"13,800","15,192",3,0.00%,"45,576","41,400","4,176"
1285,2018-06-14,온라인,서주무역,휴대폰,사무용 및 가정용 전화기,디지털 무선 확장 휴대폰 전화 M900,White,"18,204","39,588",1,0.00%,"39,588","18,204","21,384"
1286,2018-06-14,매장,동광통상,음반 & 영화,영화 DVD,DVD 55 DVD 저장 바인더 M56,Black,"196,800","205,640",13,0.00%,"2,673,320","2,558,400","114,920"
1287,2018-06-14,온라인,언더우드상사,휴대폰,사무용 및 가정용 전화기,디지털 무선 확장 휴대폰 전화 M900,White,"18,204","39,588",5,0.00%,"197,940","91,020","106,920"
1288,2018-06-14,온라인,태성무역,음반 & 영화,영화 DVD,DVD 55 DVD 저장 바인더 M56,Black,"13,800","15,192",9,0.00%,"136,728","124,200","12,528"
1289,2018-06-15,매장,미림상사,컴퓨터,컴퓨터 액세서리,배터리 충전기 - 자전거 E200,Black,"12,180","23,880",1,0.00%,"23,880","12,180","11,700"
1290,2018-06-15,매장,샤론통상,컴퓨터,컴퓨터 액세서리,배터리 충전기 - 자전거 E200,Black,"12,180","23,880",1,0.00%,"23,880","12,180","11,700"
1291,2018-06-16,매장,태강교역,컴퓨터,랩탑,노트북13.3 M3000,Red,"110,124","456,000",8,0.00%,"3,648,000","880,992","2,767,008"
1292,2018-06-16,매장,오성통상,컴퓨터,컴퓨터 액세서리,배터리 충전기 - 자전거 E200,Black,"12,180","23,880",9,0.00%,"214,920","109,620","105,300"
1293,2018-06-17,매장,협우상사,TV & 비디오,TV,"52"" LCD HDTV X790W",White,"13,188","1,910,640",9,0.00%,"17,195,760","118,692","17,077,068"
1294,2018-06-17,매장,대한상사,TV & 비디오,TV,"52"" LCD HDTV X790W",White,"13,188","1,910,640",2,0.00%,"3,821,280","26,376","3,794,904"
1295,2018-06-17,매장,한진무역,휴대폰,스마트 폰,Microsoft Windows Mobile M200,Grey,"126,372","274,800",10,0.00%,"2,748,000","1,263,720","1,484,280"
1296,2018-06-17,매장,대한상사,TV & 비디오,TV,"52"" LCD HDTV X790W",White,"633,036","1,910,640",9,20.00%,"17,195,760","5,697,324","11,498,436"
1297,2018-06-17,매장,베네디스,휴대폰,스마트 폰,Microsoft Windows Mobile M200,Grey,"126,372","274,800",5,0.00%,"1,374,000","631,860","742,140"
1298,2018-06-18,온라인,k마켓,TV & 비디오,TV,"40"" LCD HDTV M690",White,"471,120","1,421,964",25,20.00%,"35,549,100","11,778,000","23,771,100"
1299,2018-06-18,매장,동광통상,컴퓨터,"프린터,스캐너,팩스",잉크젯 PDF 스캐너 M300,Black,"87,600","192,000",25,20.00%,"4,800,000","2,190,000","2,610,000"
1300,2018-06-19,매장,대진상사,오디오,MP4 & MP3,8GB 수퍼 슬림 MP3/Video Player M800,White,"60,672","131,940",1,0.00%,"131,940","60,672","71,268"
1301,2018-06-19,매장,ABC상사,카메라 & 캠코더,디지털 카메라,"SLR Camera 35"" M358",Silver,"196,800","429,600",5,0.00%,"2,148,000","984,000","1,164,000"
1302,2018-06-19,매장,금강,카메라 & 캠코더,디지털 카메라,"SLR Camera 35"" M358",Silver,"196,800","429,600",14,0.00%,"6,014,400","2,755,200","3,259,200"
1303,2018-06-19,매장,언더우드상사,카메라 & 캠코더,디지털 카메라,"SLR Camera 35"" M358",Black,"196,800","429,600",13,0.00%,"5,584,800","2,558,400","3,026,400"
1304,2018-06-19,매장,신성무역,오디오,MP4 & MP3,8GB 수퍼 슬림 MP3/Video Player M800,White,"60,672","131,940",2,0.00%,"263,880","121,344","142,536"
1305,2018-06-20,매장,진흥,오디오,블루투스 헤드폰,무선 블루투스 스테레오 헤드폰 E102,White,"18,204","57,540",3,20.00%,"172,620","54,612","118,008"
1306,2018-06-20,매장,혜성 백화점,컴퓨터,컴퓨터 액세서리,대용량 배터리 M800,Grey,"15,396","33,480",3,0.00%,"100,440","46,188","54,252"
1307,2018-06-20,매장,ITM,컴퓨터,컴퓨터 액세서리,배터리 충전기 - 자전거 E200,Black,"12,180","23,880",8,0.00%,"191,040","97,440","93,600"
1308,2018-06-20,매장,우주전산,컴퓨터,컴퓨터 액세서리,배터리 충전기 - 자전거 E200,Black,"12,180","23,880",2,0.00%,"47,760","24,360","23,400"
1309,2018-06-21,매장,양정물산,TV & 비디오,TV,"52"" LCD HDTV X790W",White,"516,456","1,910,640",5,20.00%,"9,553,200","2,582,280","6,970,920"
1310,2018-06-21,매장,혜성 백화점,휴대폰,스마트 폰,8G 메모리 스마트 폰 M400,White,"148,440","322,800",5,0.00%,"1,614,000","742,200","871,800"
1311,2018-06-21,매장,양정물산,컴퓨터,컴퓨터 액세서리,블루투스 노트북 마우스 X305,White,"59,640","180,000",2,0.00%,"360,000","119,280","240,720"
1312,2018-06-21,매장,신영상사,컴퓨터,컴퓨터 액세서리,블루투스 노트북 마우스 X305,White,"59,640","180,000",3,0.00%,"540,000","178,920","361,080"
1313,2018-06-22,매장,협우상사,음반 & 영화,영화 DVD,DVD 12인치 플레이어 휴대용 M400,White,"59,640","215,988",1,0.00%,"215,988","59,640","156,348"
1314,2018-06-22,매장,글로리아 백화정,TV & 비디오,TV,"52"" LCD HDTV X790W",White,"13,188","1,910,640",8,0.00%,"15,285,120","105,504","15,179,616"
1315,2018-06-22,매장,신세기상사,오디오,블루투스 헤드폰,무선 블루투스 스테레오 헤드폰 E302,White,"22,380","48,660",3,20.00%,"145,980","67,140","78,840"
1316,2018-06-22,매장,세종물산,컴퓨터,랩탑,노트북12 M2002,Red,"250,836","441,600",5,0.00%,"2,208,000","1,254,180","953,820"
1317,2018-06-22,온라인,k마켓,TV & 비디오,TV,"52"" LCD HDTV X790W",White,"13,188","1,910,640",4,0.00%,"7,642,560","52,752","7,589,808"
1318,2018-06-22,온라인,J마켓,컴퓨터,랩탑,노트북12 M2002,Red,"250,836","441,600",3,0.00%,"1,324,800","752,508","572,292"
1319,2018-06-22,매장,신영상사,TV & 비디오,TV,"52"" LCD HDTV X790W",White,"516,456","1,910,640",3,0.00%,"5,731,920","1,549,368","4,182,552"
1320,2018-06-24,매장,동광통상,음반 & 영화,영화 DVD,DVD 14인치 플레이어 휴대용 L200,White,"115,296","347,988",8,0.00%,"2,783,904","922,368","1,861,536"
1321,2018-06-24,매장,동도교역,음반 & 영화,영화 DVD,DVD 14인치 플레이어 휴대용 L200,White,"115,296","347,988",3,0.00%,"1,043,964","345,888","698,076"
1322,2018-06-24,매장,양정물산,컴퓨터,랩탑,노트북13.3 M3000,Red,"110,124","456,000",9,0.00%,"4,104,000","991,116","3,112,884"
1323,2018-06-24,매장,동광통상,TV & 비디오,TV,"52"" LCD HDTV X790W",White,"516,456","1,910,640",1,0.00%,"1,910,640","516,456","1,394,184"
1324,2018-06-24,매장,세종물산,컴퓨터,컴퓨터 액세서리,블루투스 노트북 마우스 X305,White,"59,640","180,000",1,0.00%,"180,000","59,640","120,360"
1325,2018-06-25,매장,태화상사,컴퓨터,랩탑,노트북12 M2002,Red,"628,188","633,518",9,0.00%,"5,701,662","5,653,692","47,970"
1326,2018-06-25,매장,유미백화점,휴대폰,스마트 폰,8G 메모리 스마트 폰 M400,White,"148,440","322,800",4,0.00%,"1,291,200","593,760","697,440"
1327,2018-06-25,매장,알프스무역,컴퓨터,랩탑,노트북12 M2002,Red,"628,188","633,197",3,0.00%,"1,899,591","1,884,564","15,027"
1328,2018-06-25,매장,한미전자,휴대폰,스마트 폰,8G 메모리 스마트 폰 M400,White,"148,440","322,800",10,0.00%,"3,228,000","1,484,400","1,743,600"
1329,2018-06-26,매장,삼양상사,음반 & 영화,영화 DVD,DVD 55 DVD 저장 바인더 M56,Black,"196,800","200,758",8,0.00%,"1,606,064","1,574,400","31,664"
1330,2018-06-26,매장,동광통상,TV & 비디오,TV,"37"" 1080p LCD HDTV M150W",White,"607,020","1,319,988",8,20.00%,"10,559,904","4,856,160","5,703,744"
1331,2018-06-26,매장,혜성 백화점,음반 & 영화,영화 DVD,DVD 55 DVD 저장 바인더 M56,Black,"196,800","205,130",10,0.00%,"2,051,300","1,968,000","83,300"
1332,2018-06-27,매장,신세기상사,음반 & 영화,영화 DVD,DVD 14인치 플레이어 휴대용 L200,White,"115,296","347,988",9,0.00%,"3,131,892","1,037,664","2,094,228"
1333,2018-06-27,매장,태화상사,음반 & 영화,영화 DVD,DVD 14인치 플레이어 휴대용 L200,White,"115,296","347,988",5,0.00%,"1,739,940","576,480","1,163,460"
1334,2018-06-28,매장,월드링크,음반 & 영화,영화 DVD,DVD 9 인치 플레이어 휴대용 M300,Black,"397,584","405,586",13,0.00%,"5,272,618","5,168,592","104,026"
1335,2018-06-28,매장,서주무역,오디오,MP4 & MP3,8GB 수퍼 슬림 MP3/Video Player M800,White,"60,672","131,940",3,0.00%,"395,820","182,016","213,804"
1336,2018-06-28,매장,신영상사,오디오,블루투스 헤드폰,무선 블루투스 스테레오 헤드폰 E102,White,"196,800","201,017",3,0.00%,"603,051","590,400","12,651"
1337,2018-06-28,매장,이화무역,휴대폰,스마트 폰,8G 메모리 스마트 폰 M400,White,"148,440","322,800",14,0.00%,"4,519,200","2,078,160","2,441,040"
1338,2018-06-28,매장,오성통상,음반 & 영화,영화 DVD,DVD 9 인치 플레이어 휴대용 M300,Black,"100,944","191,988",10,0.00%,"1,919,880","1,009,440","910,440"
1339,2018-06-28,매장,언더우드상사,음반 & 영화,영화 DVD,DVD 9 인치 플레이어 휴대용 M300,Black,"100,944","191,988",14,0.00%,"2,687,832","1,413,216","1,274,616"
1340,2018-06-28,매장,동광통상,휴대폰,스마트 폰,8G 메모리 스마트 폰 M400,White,"148,440","322,800",3,0.00%,"968,400","445,320","523,080"
1341,2018-06-29,매장,미림 백화점,휴대폰,스마트 폰,8G 메모리 스마트 폰 M400,White,"148,440","322,800",1,0.00%,"322,800","148,440","174,360"
1342,2018-06-29,매장,태성무역,휴대폰,스마트 폰,8G 메모리 스마트 폰 M400,White,"148,440","322,800",5,0.00%,"1,614,000","742,200","871,800"
1343,2018-06-30,매장,양정물산,TV & 비디오,TV,"52"" LCD HDTV X790W",White,"11,004","1,910,640",8,0.00%,"15,285,120","88,032","15,197,088"
1344,2018-07-02,매장,삼화상사,TV & 비디오,TV,"52"" LCD HDTV X790W",White,"516,456","1,910,640",1,0.00%,"1,910,640","516,456","1,394,184"
1345,2018-07-02,매장,샤론통상,TV & 비디오,TV,"52"" LCD HDTV X790W",White,"516,456","1,910,640",3,0.00%,"5,731,920","1,549,368","4,182,552"
1346,2018-07-04,매장,한진무역,음반 & 영화,영화 DVD,DVD 9 인치 플레이어 휴대용 M300,Black,"100,944","191,988",14,0.00%,"2,687,832","1,413,216","1,274,616"
1347,2018-07-04,매장,태강교역,음반 & 영화,영화 DVD,DVD 9 인치 플레이어 휴대용 M300,Black,"100,944","191,988",7,0.00%,"1,343,916","706,608","637,308"
1348,2018-07-11,매장,언더우드상사,TV & 비디오,TV,"32"" LCD HDTV M130",Silver,"472,368","599,988",3,0.00%,"1,799,964","1,417,104","382,860"
1349,2018-07-12,매장,월드링크,TV & 비디오,TV,"52"" LCD HDTV X790W",White,"13,188","1,910,640",1,0.00%,"1,910,640","13,188","1,897,452"
1350,2018-07-12,매장,대한상사,TV & 비디오,TV,"52"" LCD HDTV X790W",White,"13,188","1,910,640",1,0.00%,"1,910,640","13,188","1,897,452"
1351,2018-07-22,매장,신영상사,컴퓨터,랩탑,노트북12 M2002,Red,"628,188","634,376",3,0.00%,"1,903,128","1,884,564","18,564"
1352,2018-07-22,매장,신성무역,컴퓨터,랩탑,노트북12 M2002,Red,"628,188","630,130",1,0.00%,"630,130","628,188","1,942"
1353,2018-07-30,매장,서주무역,오디오,MP4 & MP3,8GB 수퍼 슬림 MP3/Video Player M800,White,"60,672","131,940",1,0.00%,"131,940","60,672","71,268"
1354,2018-07-30,매장,진흥,컴퓨터,컴퓨터 액세서리,대용량 배터리 M800,Grey,"15,396","33,480",5,0.00%,"167,400","76,980","90,420"
1355,2018-07-30,매장,ITM,컴퓨터,컴퓨터 액세서리,대용량 배터리 M800,Grey,"15,396","33,480",1,0.00%,"33,480","15,396","18,084"
1356,2018-07-30,매장,ABC상사,오디오,MP4 & MP3,8GB 수퍼 슬림 MP3/Video Player M800,White,"60,672","131,940",7,0.00%,"923,580","424,704","498,876"
1357,2018-08-01,매장,미림상사,휴대폰,사무용 및 가정용 전화기,디지털 무선 확장 휴대폰 전화 M900,White,"18,204","39,588",9,0.00%,"356,292","163,836","192,456"
1358,2018-08-01,카탈로그,투프린트,휴대폰,사무용 및 가정용 전화기,디지털 무선 확장 휴대폰 전화 M900,White,"18,204","39,588",3,0.00%,"118,764","54,612","64,152"
1359,2018-08-03,매장,베네디스,휴대폰,스마트 폰,스마트 폰 E100(카메라없음),Pink,"258,180","260,772",1,0.00%,"260,772","258,180","2,592"
1360,2018-08-03,온라인,J마켓,휴대폰,스마트 폰,스마트 폰 E100(카메라없음),Pink,"258,180","262,137",1,0.00%,"262,137","258,180","3,957"
1361,2018-08-04,매장,협우상사,음반 & 영화,영화 DVD,DVD 14인치 플레이어 휴대용 L200,White,"115,296","347,988",10,0.00%,"3,479,880","1,152,960","2,326,920"
1362,2018-08-04,매장,대진상사,TV & 비디오,TV,"52"" LCD HDTV X790W",White,"13,188","1,910,640",2,0.00%,"3,821,280","26,376","3,794,904"
1363,2018-08-04,온라인,k마켓,음반 & 영화,영화 DVD,DVD 14인치 플레이어 휴대용 L200,White,"115,296","347,988",5,0.00%,"1,739,940","576,480","1,163,460"
1364,2018-08-04,대리점,명성,TV & 비디오,TV,"52"" LCD HDTV X790W",White,"13,188","1,910,640",9,0.00%,"17,195,760","118,692","17,077,068"
1365,2018-08-06,대리점,가나전자,휴대폰,스마트 폰,8G 메모리 스마트 폰 M400,White,"148,440","322,800",1,0.00%,"322,800","148,440","174,360"
1366,2018-08-06,매장,금강,휴대폰,스마트 폰,8G 메모리 스마트 폰 M400,White,"148,440","322,800",2,0.00%,"645,600","296,880","348,720"
1367,2018-08-07,매장,이화무역,컴퓨터,컴퓨터 액세서리,브라이트 라이트 배터리 E20,White,"16,452","32,280",1,0.00%,"32,280","16,452","15,828"
1368,2018-08-10,매장,글로리아 백화정,휴대폰,스마트 폰,8G 메모리 스마트 폰 M400,White,"148,440","322,800",14,0.00%,"4,519,200","2,078,160","2,441,040"
1369,2018-08-10,온라인,양정물산,휴대폰,스마트 폰,8G 메모리 스마트 폰 M400,White,"148,440","322,800",8,0.00%,"2,582,400","1,187,520","1,394,880"
1370,2018-08-10,온라인,동도교역,휴대폰,스마트 폰,8G 메모리 스마트 폰 M400,White,"148,440","322,800",2,0.00%,"645,600","296,880","348,720"
1371,2018-08-10,매장,우주전산,휴대폰,스마트 폰,8G 메모리 스마트 폰 M400,White,"148,440","322,800",5,0.00%,"1,614,000","742,200","871,800"
1372,2018-08-14,매장,알프스무역,컴퓨터,랩탑,노트북19W M0196,Blue,"516,456","1,558,800",2,0.00%,"3,117,600","1,032,912","2,084,688"
1373,2018-08-14,매장,세종물산,컴퓨터,랩탑,노트북19W M0196,Blue,"516,456","1,558,800",3,0.00%,"4,676,400","1,549,368","3,127,032"
1374,2018-08-18,매장,글로리아 백화정,컴퓨터,랩탑,노트북12 M2002,Red,"250,836","441,600",3,0.00%,"1,324,800","752,508","572,292"
1375,2018-08-18,매장,유미백화점,컴퓨터,랩탑,노트북12 M2002,Red,"250,836","441,600",5,0.00%,"2,208,000","1,254,180","953,820"
1376,2018-08-19,매장,미림상사,TV & 비디오,TV,"37"" 1080p LCD HDTV M150W",White,"607,020","1,319,988",10,0.00%,"13,199,880","6,070,200","7,129,680"
1377,2018-08-22,매장,이화무역,TV & 비디오,TV,"52"" LCD HDTV X790W",White,"516,456","1,910,640",9,0.00%,"17,195,760","4,648,104","12,547,656"
1378,2018-08-23,매장,동도교역,음반 & 영화,영화 DVD,DVD 38 DVD 저장 바인더 E25,Black,"59,640","62,442",4,0.00%,"249,768","238,560","11,208"
1379,2018-08-23,매장,한미전자,컴퓨터,컴퓨터 액세서리,블루투스 노트북 마우스 X305,Grey,"59,640","180,000",8,0.00%,"1,440,000","477,120","962,880"
1380,2018-08-25,매장,유미백화점,컴퓨터,프로젝트 & 스크린,프로젝트 720p DLP56,Black,"385,728","838,800",9,0.00%,"7,549,200","3,471,552","4,077,648"
1381,2018-08-25,매장,알프스무역,컴퓨터,컴퓨터 액세서리,대용량 배터리 M800,Grey,"15,396","33,480",8,0.00%,"267,840","123,168","144,672"
1382,2018-08-25,매장,태화상사,컴퓨터,프로젝트 & 스크린,프로젝트 720p DLP56,Black,"385,728","838,800",3,0.00%,"2,516,400","1,157,184","1,359,216"
1383,2018-08-25,매장,혜성 백화점,컴퓨터,컴퓨터 액세서리,대용량 배터리 M800,Grey,"15,396","33,480",3,0.00%,"100,440","46,188","54,252"
1384,2018-08-27,매장,삼양상사,휴대폰,스마트 폰,PDA Handheld 4.7 inch L650,Black,"154,656","466,800",10,0.00%,"4,668,000","1,546,560","3,121,440"
1385,2018-08-27,매장,동광통상,휴대폰,스마트 폰,PDA Handheld 4.7 inch L650,Black,"154,656","466,800",4,0.00%,"1,867,200","618,624","1,248,576"
1386,2018-08-29,매장,오성통상,컴퓨터,컴퓨터 액세서리,USB 2.0 도킹 스테이션 M800,Grey,"16,500","35,880",8,0.00%,"287,040","132,000","155,040"
1387,2018-08-29,매장,신세기상사,컴퓨터,컴퓨터 액세서리,USB 2.0 도킹 스테이션 M800,Grey,"16,500","35,880",10,0.00%,"358,800","165,000","193,800"
1388,2018-08-30,매장,이화무역,컴퓨터,컴퓨터 액세서리,블루투스 노트북 마우스 X305,White,"59,640","180,000",5,0.00%,"900,000","298,200","601,800"
1389,2018-08-30,매장,미림 백화점,컴퓨터,컴퓨터 액세서리,블루투스 노트북 마우스 X305,White,"59,640","180,000",9,0.00%,"1,620,000","536,760","1,083,240"
1390,2018-08-31,매장,진흥,컴퓨터,랩탑,노트북12 M2002,Red,"628,188","632,515",7,0.00%,"4,427,605","4,397,316","30,289"
1391,2018-09-04,매장,삼화상사,휴대폰,사무용 및 가정용 전화기,디지털 무선 확장 휴대폰 전화 M900,White,"18,204","39,588",14,0.00%,"554,232","254,856","299,376"
1392,2018-09-04,매장,언더우드상사,휴대폰,사무용 및 가정용 전화기,디지털 무선 확장 휴대폰 전화 M900,White,"18,204","39,588",3,0.00%,"118,764","54,612","64,152"
1393,2018-09-06,매장,태강교역,컴퓨터,컴퓨터 액세서리,USB 2.0 도킹 스테이션 M800,Grey,"16,500","35,880",14,0.00%,"502,320","231,000","271,320"
1394,2018-09-06,매장,월드링크,컴퓨터,랩탑,노트북12 M2002,Red,"628,188","637,710",5,0.00%,"3,188,550","3,140,940","47,610"
1395,2018-09-06,매장,샤론통상,컴퓨터,랩탑,노트북12 M2002,Red,"628,188","631,603",1,0.00%,"631,603","628,188","3,415"
1396,2018-09-06,매장,태성무역,컴퓨터,컴퓨터 액세서리,USB 2.0 도킹 스테이션 M800,Grey,"16,500","35,880",10,0.00%,"358,800","165,000","193,800"
1397,2018-09-08,매장,한진무역,카메라 & 캠코더,캠코더,"Trendsetter 1"" 25mm X400",Blue,"397,584","1,200,000",1,0.00%,"1,200,000","397,584","802,416"
1398,2018-09-08,매장,신영상사,카메라 & 캠코더,캠코더,"Trendsetter 1"" 25mm X400",Blue,"397,584","1,200,000",3,0.00%,"3,600,000","1,192,752","2,407,248"
1399,2018-09-12,매장,서주무역,오디오,블루투스 헤드폰,무선 송신기와 블루투스 헤드폰 X250,Silver,"99,396","299,988",14,0.00%,"4,199,832","1,391,544","2,808,288"
1400,2018-09-12,매장,대한상사,오디오,블루투스 헤드폰,무선 송신기와 블루투스 헤드폰 X250,Silver,"99,396","299,988",7,0.00%,"2,099,916","695,772","1,404,144"
1401,2018-09-16,매장,신성무역,휴대폰,스마트 폰,8G 메모리 스마트 폰 M400,White,"148,440","322,800",1,0.00%,"322,800","148,440","174,360"
1402,2018-09-16,매장,진흥,휴대폰,스마트 폰,8G 메모리 스마트 폰 M400,White,"148,440","322,800",1,0.00%,"322,800","148,440","174,360"
1403,2018-09-19,매장,ABC상사,음반 & 영화,영화 DVD,DVD 9 인치 플레이어 휴대용 M300,Black,"100,944","191,988",3,0.00%,"575,964","302,832","273,132"
1404,2018-09-19,매장,미림상사,음반 & 영화,영화 DVD,DVD 9 인치 플레이어 휴대용 M300,Black,"100,944","191,988",1,0.00%,"191,988","100,944","91,044"
1405,2018-09-21,매장,ITM,컴퓨터,프로젝트 & 스크린,스크린 85in E1010,Black,"85,044","166,800",1,0.00%,"166,800","85,044","81,756"
1406,2018-09-21,매장,베네디스,컴퓨터,프로젝트 & 스크린,스크린 85in E1010,Black,"85,044","166,800",7,0.00%,"1,167,600","595,308","572,292"
1407,2018-09-25,온라인,협우상사,휴대폰,스마트 폰,PDA GPS Phone 4.7 inch L950,Silver,"146,316","441,600",1,0.00%,"441,600","146,316","295,284"
1408,2018-09-25,매장,신영상사,휴대폰,스마트 폰,PDA GPS Phone 4.7 inch L950,Silver,"146,316","441,600",5,0.00%,"2,208,000","731,580","1,476,420"
1409,2018-09-27,매장,글로리아 백화정,컴퓨터,컴퓨터 액세서리,블루투스 노트북 마우스 X305,White,"59,640","180,000",2,0.00%,"360,000","119,280","240,720"
1410,2018-09-29,매장,금강,TV & 비디오,TV,"37"" 1080p LCD HDTV M150W",White,"607,020","1,319,988",1,0.00%,"1,319,988","607,020","712,968"
1411,2018-09-29,매장,대진상사,TV & 비디오,TV,"52"" LCD HDTV X790W",White,"516,456","1,910,640",3,0.00%,"5,731,920","1,549,368","4,182,552"
1412,2018-09-29,온라인,J마켓,TV & 비디오,TV,"52"" LCD HDTV X790W",White,"516,456","1,910,640",9,0.00%,"17,195,760","4,648,104","12,547,656"
1413,2018-09-29,온라인,k마켓,TV & 비디오,TV,"37"" 1080p LCD HDTV M150W",White,"607,020","1,319,988",1,0.00%,"1,319,988","607,020","712,968"
1414,2018-10-01,매장,동광통상,오디오,블루투스 헤드폰,무선 블루투스 스테레오 헤드폰 E302,White,"22,380","48,660",10,0.00%,"486,600","223,800","262,800"
1415,2018-10-01,매장,우주전산,오디오,블루투스 헤드폰,무선 블루투스 스테레오 헤드폰 E302,White,"22,380","48,660",5,0.00%,"243,300","111,900","131,400"
1416,2018-10-03,매장,ABC상사,TV & 비디오,TV,"26"" 720p LCD HDTV M140",White,"259,344","563,964",10,0.00%,"5,639,640","2,593,440","3,046,200"
1417,2018-10-04,매장,태화상사,음반 & 영화,영화 DVD,DVD 55 DVD 저장 바인더 M56,Black,"13,800","15,192",2,0.00%,"30,384","27,600","2,784"
1418,2018-10-04,매장,양정물산,음반 & 영화,영화 DVD,DVD 55 DVD 저장 바인더 M56,Black,"13,800","15,192",9,0.00%,"136,728","124,200","12,528"
1419,2018-10-04,매장,혜성 백화점,휴대폰,스마트 폰,스마트 폰 E100(카메라없음),Pink,"78,924","154,800",5,0.00%,"774,000","394,620","379,380"
1420,2018-10-04,매장,글로리아 백화정,휴대폰,스마트 폰,스마트 폰 E100(카메라없음),Pink,"78,924","154,800",14,0.00%,"2,167,200","1,104,936","1,062,264"
1421,2018-10-04,매장,세종물산,컴퓨터,프로젝트 & 스크린,스크린 85in E1010,Black,"85,044","166,800",1,0.00%,"166,800","85,044","81,756"
1422,2018-10-04,매장,한미전자,컴퓨터,프로젝트 & 스크린,스크린 85in E1010,Black,"85,044","166,800",2,0.00%,"333,600","170,088","163,512"
1423,2018-10-04,매장,ITM,컴퓨터,"프린터,스캐너,팩스",잉크젯 PDF 스캐너 M300,Black,"87,600","192,000",5,0.00%,"960,000","438,000","522,000"
1424,2018-10-05,매장,태화상사,카메라 & 캠코더,캠코더,"Trendsetter 1"" 25mm X400",Blue,"397,584","1,200,000",8,0.00%,"9,600,000","3,180,672","6,419,328"
1425,2018-10-05,매장,동도교역,카메라 & 캠코더,캠코더,"Trendsetter 1"" 25mm X400",Blue,"397,584","1,200,000",2,0.00%,"2,400,000","795,168","1,604,832"
1426,2018-10-06,매장,알프스무역,오디오,MP4 & MP3,8GB 수퍼 슬림 MP3/Video Player M800,White,"60,672","131,940",2,0.00%,"263,880","121,344","142,536"
1427,2018-10-06,매장,동광통상,오디오,MP4 & MP3,8GB 수퍼 슬림 MP3/Video Player M800,White,"60,672","131,940",3,0.00%,"395,820","182,016","213,804"
1428,2018-10-08,매장,미림 백화점,오디오,블루투스 헤드폰,무선 블루투스 스테레오 헤드폰 E102,White,"397,584","400,864",1,0.00%,"400,864","397,584","3,280"
1429,2018-10-08,매장,신영상사,오디오,블루투스 헤드폰,무선 블루투스 스테레오 헤드폰 E302,White,"22,380","48,660",5,0.00%,"243,300","111,900","131,400"
1430,2018-10-08,매장,유미백화점,음반 & 영화,영화 DVD,DVD 9 인치 플레이어 휴대용 M300,Black,"397,584","406,330",9,0.00%,"3,656,970","3,578,256","78,714"
1431,2018-10-08,매장,태강교역,TV & 비디오,TV,"32"" LCD HDTV M130",White,"397,584","599,988",2,0.00%,"1,199,976","795,168","404,808"
1432,2018-10-09,매장,유미백화점,TV & 비디오,TV,"40"" LCD HDTV M690",White,"471,120","1,421,964",5,0.00%,"7,109,820","2,355,600","4,754,220"
1433,2018-10-09,매장,오성통상,TV & 비디오,TV,"40"" LCD HDTV M690",White,"471,120","1,421,964",3,0.00%,"4,265,892","1,413,360","2,852,532"
1434,2018-10-10,온라인,미림 백화점,카메라 & 캠코더,캠코더,Social Videographer 1/3'' 8.5mm E200,Grey,"100,944","198,000",4,0.00%,"792,000","403,776","388,224"
1435,2018-10-10,온라인,삼양상사,카메라 & 캠코더,캠코더,Social Videographer 1/3'' 8.5mm E200,Grey,"100,944","198,000",8,0.00%,"1,584,000","807,552","776,448"
1436,2018-10-11,매장,이화무역,TV & 비디오,TV,"52"" LCD HDTV X790W",White,"11,004","1,910,640",3,0.00%,"5,731,920","33,012","5,698,908"
1437,2018-10-11,매장,태강교역,TV & 비디오,TV,"52"" LCD HDTV X790W",White,"11,004","1,910,640",9,0.00%,"17,195,760","99,036","17,096,724"
1438,2018-10-11,매장,신세기상사,TV & 비디오,TV,"32"" LCD HDTV M130",Silver,"472,368","599,988",3,0.00%,"1,799,964","1,417,104","382,860"
1439,2018-10-11,매장,삼화상사,TV & 비디오,TV,"32"" LCD HDTV M130",Silver,"472,368","599,988",8,0.00%,"4,799,904","3,778,944","1,020,960"
1440,2018-10-12,매장,월드링크,컴퓨터,컴퓨터 액세서리,대용량 배터리 M800,Grey,"15,396","33,480",10,0.00%,"334,800","153,960","180,840"
1441,2018-10-12,매장,언더우드상사,컴퓨터,컴퓨터 액세서리,대용량 배터리 M800,Grey,"15,396","33,480",4,0.00%,"133,920","61,584","72,336"
1442,2018-10-12,매장,태강교역,카메라 & 캠코더,디지털 카메라,"SLR Camera 35"" M358",Silver,"196,800","429,600",3,0.00%,"1,288,800","590,400","698,400"
1443,2018-10-12,매장,금강,오디오,블루투스 헤드폰,무선 블루투스 스테레오 헤드폰 E302,White,"22,380","48,660",10,0.00%,"486,600","223,800","262,800"
1444,2018-10-13,매장,언더우드상사,오디오,블루투스 헤드폰,무선 블루투스 스테레오 헤드폰 E102,White,"13,800","57,540",5,0.00%,"287,700","69,000","218,700"
1445,2018-10-13,매장,신영상사,컴퓨터,"프린터,스캐너,팩스",잉크젯 PDF 스캐너 M300,Black,"87,600","192,000",10,0.00%,"1,920,000","876,000","1,044,000"
1446,2018-10-13,매장,태성무역,컴퓨터,"프린터,스캐너,팩스",잉크젯 PDF 스캐너 M300,Black,"87,600","192,000",8,0.00%,"1,536,000","700,800","835,200"
1447,2018-10-14,매장,서주무역,컴퓨터,"프린터,스캐너,팩스",잉크젯 PDF 스캐너 M300,Black,"87,600","192,000",5,0.00%,"960,000","438,000","522,000"
1448,2018-10-14,매장,샤론통상,컴퓨터,"프린터,스캐너,팩스",잉크젯 PDF 스캐너 M300,Black,"87,600","192,000",9,0.00%,"1,728,000","788,400","939,600"
1449,2018-10-14,매장,금강,음반 & 영화,영화 DVD,DVD 55 DVD 저장 바인더 M56,Black,"196,800","199,882",1,0.00%,"199,882","196,800","3,082"
1450,2018-10-15,매장,우주전산,카메라 & 캠코더,디지털 카메라,"SLR Camera 35"" M358",Silver,"196,800","429,600",5,0.00%,"2,148,000","984,000","1,164,000"
1451,2018-10-15,매장,글로리아 백화정,컴퓨터,랩탑,노트북12 M2002,Red,"628,188","634,199",3,0.00%,"1,902,597","1,884,564","18,033"
1452,2018-10-16,매장,혜성 백화점,TV & 비디오,TV,"52"" LCD HDTV X790W",White,"11,004","1,910,640",2,0.00%,"3,821,280","22,008","3,799,272"
1453,2018-10-16,매장,진흥,컴퓨터,프로젝트 & 스크린,프로젝트 720p DLP56,Black,"385,728","838,800",3,0.00%,"2,516,400","1,157,184","1,359,216"
1454,2018-10-16,매장,한진무역,컴퓨터,프로젝트 & 스크린,프로젝트 720p DLP56,Black,"385,728","838,800",14,0.00%,"11,743,200","5,400,192","6,343,008"
1455,2018-10-18,매장,신영상사,컴퓨터,"프린터,스캐너,팩스",잉크젯 PDF 스캐너 M300,Black,"87,600","192,000",3,0.00%,"576,000","262,800","313,200"
1456,2018-10-18,매장,ITM,TV & 비디오,TV,"32"" LCD HDTV M130",Silver,"472,368","599,988",8,0.00%,"4,799,904","3,778,944","1,020,960"
1457,2018-10-19,매장,알프스무역,카메라 & 캠코더,디지털 카메라,"SLR Camera 35"" M358",Black,"196,800","429,600",8,0.00%,"3,436,800","1,574,400","1,862,400"
1458,2018-10-19,매장,한미전자,TV & 비디오,TV,"52"" LCD HDTV X790W",White,"516,456","1,910,640",10,0.00%,"19,106,400","5,164,560","13,941,840"
1459,2018-10-22,매장,대한상사,음반 & 영화,영화 DVD,DVD 55 DVD 저장 바인더 M56,Black,"13,800","15,192",14,0.00%,"212,688","193,200","19,488"
1460,2018-10-22,매장,미림상사,음반 & 영화,영화 DVD,DVD 55 DVD 저장 바인더 M56,Black,"13,800","15,192",10,0.00%,"151,920","138,000","13,920"
1461,2018-10-23,매장,삼화상사,TV & 비디오,TV,"52"" LCD HDTV X790W",White,"516,456","1,910,640",4,0.00%,"7,642,560","2,065,824","5,576,736"
1462,2018-10-23,매장,신성무역,오디오,블루투스 헤드폰,무선 송신기와 블루투스 헤드폰 X250,Silver,"99,396","299,988",5,0.00%,"1,499,940","496,980","1,002,960"
1463,2018-10-23,온라인,k마켓,컴퓨터,컴퓨터 액세서리,USB 2.0 도킹 스테이션 M800,Grey,"16,500","35,880",5,0.00%,"179,400","82,500","96,900"
1464,2018-10-23,매장,베네디스,오디오,블루투스 헤드폰,무선 송신기와 블루투스 헤드폰 X250,Silver,"99,396","299,988",1,0.00%,"299,988","99,396","200,592"
1465,2018-10-24,매장,ABC상사,TV & 비디오,TV,"52"" LCD HDTV X790W",White,"516,456","1,910,640",3,0.00%,"5,731,920","1,549,368","4,182,552"
1466,2018-10-24,매장,ITM,휴대폰,스마트 폰,8G 메모리 스마트 폰 M400,White,"148,440","322,800",14,0.00%,"4,519,200","2,078,160","2,441,040"
1467,2018-10-24,매장,대진상사,휴대폰,스마트 폰,8G 메모리 스마트 폰 M400,White,"148,440","322,800",7,0.00%,"2,259,600","1,039,080","1,220,520"
1468,2018-10-24,매장,금강,컴퓨터,랩탑,노트북12 M2002,Red,"250,836","441,600",1,0.00%,"441,600","250,836","190,764"
1469,2018-10-24,매장,협우상사,TV & 비디오,TV,"52"" LCD HDTV X790W",White,"516,456","1,910,640",1,0.00%,"1,910,640","516,456","1,394,184"
1470,2018-10-24,카탈로그,투프린트,컴퓨터,랩탑,노트북12 M2002,Red,"250,836","441,600",1,0.00%,"441,600","250,836","190,764"
1471,2018-10-25,온라인,J마켓,TV & 비디오,TV,"52"" LCD HDTV X790W",White,"115,020","1,910,640",1,0.00%,"1,910,640","115,020","1,795,620"
1472,2018-10-25,매장,우주전산,TV & 비디오,TV,"52"" LCD HDTV X790W",White,"115,020","1,910,640",3,0.00%,"5,731,920","345,060","5,386,860"
1473,2018-10-26,매장,한미전자,음반 & 영화,영화 DVD,DVD 55 DVD 저장 바인더 M56,Black,"13,800","15,192",1,0.00%,"15,192","13,800","1,392"
1474,2018-10-26,매장,혜성 백화점,음반 & 영화,영화 DVD,DVD 55 DVD 저장 바인더 M56,Black,"196,800","198,778",1,0.00%,"198,778","196,800","1,978"
1475,2018-10-26,매장,양정물산,컴퓨터,컴퓨터 액세서리,홈 / 사무실 노트북 전원 어댑터 E300,Black,"15,600","30,600",1,0.00%,"30,600","15,600","15,000"
1476,2018-10-26,온라인,k마켓,컴퓨터,컴퓨터 액세서리,홈 / 사무실 노트북 전원 어댑터 E300,Black,"15,600","30,600",7,0.00%,"214,200","109,200","105,000"
1477,2018-10-28,매장,진흥,TV & 비디오,TV,"32"" LCD HDTV M130",White,"397,584","599,988",5,0.00%,"2,999,940","1,987,920","1,012,020"
1478,2018-10-29,매장,글로리아 백화정,오디오,블루투스 헤드폰,무선 송신기와 블루투스 헤드폰 M150,Red,"59,628","179,988",9,0.00%,"1,619,892","536,652","1,083,240"
1479,2018-10-29,매장,세종물산,컴퓨터,컴퓨터 액세서리,대용량 배터리 M800,Grey,"15,396","33,480",5,0.00%,"167,400","76,980","90,420"
1480,2018-10-29,대리점,가나전자,오디오,블루투스 헤드폰,무선 송신기와 블루투스 헤드폰 M150,Red,"59,628","179,988",3,0.00%,"539,964","178,884","361,080"
1481,2018-10-29,대리점,명성,컴퓨터,컴퓨터 액세서리,대용량 배터리 M800,Grey,"15,396","33,480",1,0.00%,"33,480","15,396","18,084"
1482,2018-10-31,매장,월드링크,음반 & 영화,영화 DVD,DVD 55 DVD 저장 바인더 M56,Black,"196,800","199,628",1,0.00%,"199,628","196,800","2,828"
1483,2018-10-31,매장,태강교역,컴퓨터,랩탑,노트북13.3 M3000,Red,"110,124","456,000",9,0.00%,"4,104,000","991,116","3,112,884"
1484,2018-11-01,매장,유미백화점,음반 & 영화,영화 DVD,DVD 9 인치 플레이어 휴대용 M300,Black,"100,944","191,988",1,0.00%,"191,988","100,944","91,044"
1485,2018-11-01,매장,동도교역,음반 & 영화,영화 DVD,DVD 9 인치 플레이어 휴대용 M300,Black,"100,944","191,988",1,0.00%,"191,988","100,944","91,044"
1486,2018-11-02,매장,유미백화점,컴퓨터,컴퓨터 액세서리,홈 / 사무실 노트북 전원 어댑터 E300,Black,"15,600","30,600",2,0.00%,"61,200","31,200","30,000"
1487,2018-11-02,매장,신세기상사,컴퓨터,컴퓨터 액세서리,홈 / 사무실 노트북 전원 어댑터 E300,Black,"15,600","30,600",9,0.00%,"275,400","140,400","135,000"
1488,2018-11-02,매장,알프스무역,컴퓨터,랩탑,노트북19W M0196,Blue,"516,456","1,558,800",10,0.00%,"15,588,000","5,164,560","10,423,440"
1489,2018-11-02,매장,삼양상사,컴퓨터,랩탑,노트북19W M0196,Blue,"516,456","1,558,800",5,0.00%,"7,794,000","2,582,280","5,211,720"
1490,2018-11-03,매장,언더우드상사,오디오,블루투스 헤드폰,블루투스 액티브 헤드폰 E202,Silver,"20,940","45,540",14,0.00%,"637,560","293,160","344,400"
1491,2018-11-03,매장,이화무역,TV & 비디오,TV,"52"" LCD HDTV X790W",White,"115,020","1,910,640",1,0.00%,"1,910,640","115,020","1,795,620"
1492,2018-11-03,매장,삼양상사,TV & 비디오,TV,"52"" LCD HDTV X790W",White,"115,020","1,910,640",2,0.00%,"3,821,280","230,040","3,591,240"
1493,2018-11-03,매장,신세기상사,오디오,블루투스 헤드폰,블루투스 액티브 헤드폰 E202,Silver,"20,940","45,540",5,0.00%,"227,700","104,700","123,000"
1494,2018-11-05,매장,이화무역,휴대폰,스마트 폰,PDA GPS Phone 4.7 inch L950,Silver,"146,316","441,600",8,0.00%,"3,532,800","1,170,528","2,362,272"
1495,2018-11-05,매장,태성무역,휴대폰,스마트 폰,PDA GPS Phone 4.7 inch L950,Silver,"146,316","441,600",2,0.00%,"883,200","292,632","590,568"
1496,2018-11-06,온라인,J마켓,음반 & 영화,영화 DVD,DVD 55 DVD 저장 바인더 M56,Black,"196,800","315,192",9,0.00%,"2,836,728","1,771,200","1,065,528"
1497,2018-11-11,매장,언더우드상사,컴퓨터,프로젝트 & 스크린,프로젝트 720p DLP56,Black,"385,728","838,800",3,0.00%,"2,516,400","1,157,184","1,359,216"
1498,2018-11-11,매장,한진무역,TV & 비디오,TV,"32"" LCD HDTV M130",Silver,"472,368","599,988",1,0.00%,"599,988","472,368","127,620"
1499,2018-11-11,매장,샤론통상,컴퓨터,프로젝트 & 스크린,프로젝트 720p DLP56,Black,"385,728","838,800",2,0.00%,"1,677,600","771,456","906,144"
1500,2018-11-11,매장,한진무역,컴퓨터,컴퓨터 액세서리,블루투스 노트북 마우스 X305,White,"59,640","180,000",5,0.00%,"900,000","298,200","601,800"
1501,2018-11-11,매장,태성무역,음반 & 영화,영화 DVD,DVD 38 DVD 저장 바인더 E25,Black,"59,640","63,402",3,0.00%,"190,206","178,920","11,286"
1502,2018-11-12,매장,대한상사,TV & 비디오,TV,"52"" LCD HDTV X790W",White,"115,020","1,910,640",9,0.00%,"17,195,760","1,035,180","16,160,580"
1503,2018-11-12,매장,샤론통상,음반 & 영화,영화 DVD,DVD 9 인치 플레이어 휴대용 M300,Black,"100,944","191,988",4,0.00%,"767,952","403,776","364,176"
1504,2018-11-12,매장,대한상사,음반 & 영화,영화 DVD,DVD 9 인치 플레이어 휴대용 M300,Black,"100,944","191,988",8,0.00%,"1,535,904","807,552","728,352"
1505,2018-11-12,매장,신성무역,TV & 비디오,TV,"26"" 720p LCD HDTV M140",White,"259,344","563,964",3,0.00%,"1,691,892","778,032","913,860"
1506,2018-11-12,매장,ABC상사,TV & 비디오,TV,"52"" LCD HDTV X790W",White,"115,020","1,910,640",3,0.00%,"5,731,920","345,060","5,386,860"
1507,2018-11-12,매장,한진무역,TV & 비디오,TV,"26"" 720p LCD HDTV M140",White,"259,344","563,964",8,0.00%,"4,511,712","2,074,752","2,436,960"
1508,2018-11-13,매장,신영상사,오디오,블루투스 헤드폰,무선 블루투스 스테레오 헤드폰 E102,White,"59,640","66,783",5,0.00%,"333,915","298,200","35,715"
1509,2018-11-13,매장,한미전자,음반 & 영화,영화 DVD,DVD 12인치 플레이어 휴대용 M400,Silver,"18,288","215,988",2,0.00%,"431,976","36,576","395,400"
1510,2018-11-13,매장,신성무역,휴대폰,스마트 폰,Microsoft Windows Mobile M200,Grey,"126,372","274,800",10,0.00%,"2,748,000","1,263,720","1,484,280"
1511,2018-11-13,매장,ABC상사,카메라 & 캠코더,디지털 카메라,"SLR Camera 35"" M358",Silver,"196,800","429,600",10,0.00%,"4,296,000","1,968,000","2,328,000"
1512,2018-11-13,카탈로그,투프린트,카메라 & 캠코더,디지털 카메라,"SLR Camera 35"" M358",Silver,"196,800","429,600",8,0.00%,"3,436,800","1,574,400","1,862,400"
1513,2018-11-13,매장,ITM,휴대폰,스마트 폰,Microsoft Windows Mobile M200,Grey,"126,372","274,800",4,0.00%,"1,099,200","505,488","593,712"
1514,2018-11-14,매장,신영상사,휴대폰,스마트 폰,8G 메모리 스마트 폰 M400,White,"148,440","322,800",3,0.00%,"968,400","445,320","523,080"
1515,2018-11-14,온라인,k마켓,휴대폰,스마트 폰,8G 메모리 스마트 폰 M400,White,"148,440","322,800",14,0.00%,"4,519,200","2,078,160","2,441,040"
1516,2018-11-14,매장,ITM,컴퓨터,랩탑,노트북19W M0196,Blue,"516,456","1,558,800",5,0.00%,"7,794,000","2,582,280","5,211,720"
1517,2018-11-14,온라인,J마켓,컴퓨터,랩탑,노트북19W M0196,Blue,"516,456","1,558,800",9,0.00%,"14,029,200","4,648,104","9,381,096"
1518,2018-11-14,온라인,k마켓,TV & 비디오,TV,"52"" LCD HDTV X790W",White,"11,004","1,910,640",1,0.00%,"1,910,640","11,004","1,899,636"
1519,2018-11-14,매장,태성무역,컴퓨터,컴퓨터 액세서리,대용량 배터리 M800,Grey,"15,396","33,480",3,0.00%,"100,440","46,188","54,252"
1520,2018-11-15,대리점,명성,컴퓨터,랩탑,노트북15.4W M1548,White,"418,296","909,600",14,0.00%,"12,734,400","5,856,144","6,878,256"
1521,2018-11-15,매장,대한상사,컴퓨터,랩탑,노트북13.3 M3000,Red,"110,124","456,000",9,0.00%,"4,104,000","991,116","3,112,884"
1522,2018-11-15,온라인,J마켓,컴퓨터,랩탑,노트북15.4W M1548,White,"418,296","909,600",10,0.00%,"9,096,000","4,182,960","4,913,040"
1523,2018-11-15,온라인,k마켓,TV & 비디오,TV,"52"" LCD HDTV X790W",White,"516,456","1,910,640",1,0.00%,"1,910,640","516,456","1,394,184"
1524,2018-11-15,대리점,가나전자,TV & 비디오,TV,"52"" LCD HDTV X790W",White,"516,456","1,910,640",5,0.00%,"9,553,200","2,582,280","6,970,920"
1525,2018-11-16,매장,태화상사,컴퓨터,랩탑,노트북12 M2002,Red,"250,836","441,600",3,0.00%,"1,324,800","752,508","572,292"
1526,2018-11-16,매장,동광통상,컴퓨터,랩탑,노트북12 M2002,Red,"250,836","441,600",1,0.00%,"441,600","250,836","190,764"
1527,2018-11-17,매장,혜성 백화점,컴퓨터,프로젝트 & 스크린,프로젝트 720p DLP56,Black,"385,728","838,800",1,0.00%,"838,800","385,728","453,072"
1528,2018-11-17,매장,태화상사,카메라 & 캠코더,디지털 카메라,"SLR Camera 35"" M358",Silver,"196,800","429,600",7,0.00%,"3,007,200","1,377,600","1,629,600"
1529,2018-11-17,매장,한미전자,컴퓨터,프로젝트 & 스크린,프로젝트 720p DLP56,Black,"385,728","838,800",1,0.00%,"838,800","385,728","453,072"
1530,2018-11-17,매장,한미전자,카메라 & 캠코더,디지털 카메라,"SLR Camera 35"" M358",Silver,"196,800","429,600",14,0.00%,"6,014,400","2,755,200","3,259,200"
1531,2018-11-18,매장,태화상사,TV & 비디오,TV,"52"" LCD HDTV X790W",White,"633,036","1,910,640",1,0.00%,"1,910,640","633,036","1,277,604"
1532,2018-11-18,매장,혜성 백화점,TV & 비디오,TV,"52"" LCD HDTV X790W",White,"633,036","1,910,640",3,0.00%,"5,731,920","1,899,108","3,832,812"
1533,2018-11-20,매장,태화상사,TV & 비디오,TV,"37"" 1080p LCD HDTV M150W",White,"607,020","1,319,988",1,0.00%,"1,319,988","607,020","712,968"
1534,2018-11-20,매장,동광통상,TV & 비디오,TV,"37"" 1080p LCD HDTV M150W",White,"607,020","1,319,988",7,0.00%,"9,239,916","4,249,140","4,990,776"
1535,2018-11-20,온라인,k마켓,카메라 & 캠코더,디지털 카메라,"SLR Camera 35"" M358",Black,"196,800","429,600",8,0.00%,"3,436,800","1,574,400","1,862,400"
1536,2018-11-21,매장,미림 백화점,휴대폰,사무용 및 가정용 전화기,디지털 무선 확장 휴대폰 전화 M900,White,"18,204","39,588",3,0.00%,"118,764","54,612","64,152"
1537,2018-11-21,매장,오성통상,휴대폰,스마트 폰,PDA Handheld 4.7 inch L650,Black,"154,656","466,800",1,0.00%,"466,800","154,656","312,144"
1538,2018-11-21,매장,삼화상사,음반 & 영화,영화 DVD,DVD 9 인치 플레이어 휴대용 M300,Black,"100,944","191,988",1,0.00%,"191,988","100,944","91,044"
1539,2018-11-21,매장,동광통상,휴대폰,스마트 폰,PDA Handheld 4.7 inch L650,Black,"154,656","466,800",5,0.00%,"2,334,000","773,280","1,560,720"
1540,2018-11-21,매장,오성통상,휴대폰,사무용 및 가정용 전화기,디지털 무선 확장 휴대폰 전화 M900,White,"18,204","39,588",9,0.00%,"356,292","163,836","192,456"
1541,2018-11-21,매장,미림 백화점,음반 & 영화,영화 DVD,DVD 9 인치 플레이어 휴대용 M300,Black,"100,944","191,988",1,0.00%,"191,988","100,944","91,044"
1542,2018-11-22,매장,태강교역,컴퓨터,컴퓨터 액세서리,홈 / 사무실 노트북 전원 어댑터 E300,Black,"15,600","30,600",5,0.00%,"153,000","78,000","75,000"
1543,2018-11-22,매장,삼화상사,컴퓨터,컴퓨터 액세서리,홈 / 사무실 노트북 전원 어댑터 E300,Black,"15,600","30,600",10,0.00%,"306,000","156,000","150,000"
1544,2018-11-24,매장,신영상사,컴퓨터,프로젝트 & 스크린,프로젝트 720p DLP56,Black,"385,728","838,800",5,0.00%,"4,194,000","1,928,640","2,265,360"
1545,2018-11-24,매장,서주무역,컴퓨터,프로젝트 & 스크린,프로젝트 720p DLP56,Black,"385,728","838,800",14,0.00%,"11,743,200","5,400,192","6,343,008"
1546,2018-11-24,매장,신영상사,TV & 비디오,TV,"52"" LCD HDTV X790W",White,"516,456","1,910,640",1,0.00%,"1,910,640","516,456","1,394,184"
1547,2018-11-24,매장,월드링크,TV & 비디오,TV,"52"" LCD HDTV X790W",White,"516,456","1,910,640",2,0.00%,"3,821,280","1,032,912","2,788,368"
1548,2018-11-24,매장,태강교역,휴대폰,스마트 폰,8G 메모리 스마트 폰 M400,White,"148,440","322,800",2,0.00%,"645,600","296,880","348,720"
1549,2018-11-24,매장,월드링크,휴대폰,스마트 폰,8G 메모리 스마트 폰 M400,White,"148,440","322,800",9,0.00%,"2,905,200","1,335,960","1,569,240"
1550,2018-11-25,매장,미림상사,TV & 비디오,TV,"32"" LCD HDTV M130",White,"397,584","599,988",2,0.00%,"1,199,976","795,168","404,808"
1551,2018-11-25,매장,진흥,음반 & 영화,영화 DVD,DVD 9 인치 플레이어 휴대용 M300,Black,"397,584","401,894",3,0.00%,"1,205,682","1,192,752","12,930"
1552,2018-11-25,매장,서주무역,컴퓨터,컴퓨터 액세서리,USB 2.0 도킹 스테이션 M800,Grey,"16,500","35,880",8,0.00%,"287,040","132,000","155,040"
1553,2018-11-25,매장,신영상사,TV & 비디오,TV,"26"" 720p LCD HDTV M140",White,"259,344","563,964",10,0.00%,"5,639,640","2,593,440","3,046,200"
1554,2018-11-25,매장,진흥,컴퓨터,컴퓨터 액세서리,USB 2.0 도킹 스테이션 M800,Grey,"16,500","35,880",2,0.00%,"71,760","33,000","38,760"
1555,2018-11-27,매장,오성통상,음반 & 영화,영화 DVD,DVD 55 DVD 저장 바인더 M56,Black,"196,800","198,399",10,0.00%,"1,983,990","1,968,000","15,990"
1556,2018-11-28,매장,베네디스,음반 & 영화,영화 DVD,DVD 55 DVD 저장 바인더 M56,Black,"196,800","198,582",5,0.00%,"992,910","984,000","8,910"
1557,2018-11-28,매장,협우상사,오디오,블루투스 헤드폰,블루투스 액티브 헤드폰 E202,Silver,"397,584","402,060",8,0.00%,"3,216,480","3,180,672","35,808"
1558,2018-11-28,매장,베네디스,카메라 & 캠코더,캠코더,"Trendsetter 1"" 25mm X400",Blue,"397,584","1,200,000",4,0.00%,"4,800,000","1,590,336","3,209,664"
1559,2018-11-28,매장,혜성 백화점,오디오,MP4 & MP3,8GB 수퍼 슬림 MP3/Video Player M800,White,"60,672","131,940",5,0.00%,"659,700","303,360","356,340"
1560,2018-11-28,매장,미림상사,음반 & 영화,영화 DVD,DVD 55 DVD 저장 바인더 M56,Black,"196,800","204,335",3,0.00%,"613,005","590,400","22,605"
1561,2018-11-29,매장,대진상사,휴대폰,스마트 폰,8G 메모리 스마트 폰 M400,White,"148,440","322,800",3,0.00%,"968,400","445,320","523,080"
1562,2018-11-29,매장,협우상사,휴대폰,스마트 폰,8G 메모리 스마트 폰 M400,White,"148,440","322,800",8,0.00%,"2,582,400","1,187,520","1,394,880"
1563,2018-11-30,매장,양정물산,오디오,블루투스 헤드폰,무선 송신기와 블루투스 헤드폰 X250,Silver,"99,396","299,988",8,0.00%,"2,399,904","795,168","1,604,736"
1564,2018-11-30,매장,월드링크,컴퓨터,컴퓨터 액세서리,배터리 충전기 - 자전거 E200,Black,"12,180","23,880",10,0.00%,"238,800","121,800","117,000"
1565,2018-11-30,매장,우주전산,TV & 비디오,TV,"26"" 720p LCD HDTV M140",White,"259,344","563,964",4,0.00%,"2,255,856","1,037,376","1,218,480"
1566,2018-11-30,매장,우주전산,오디오,블루투스 헤드폰,무선 송신기와 블루투스 헤드폰 X250,Silver,"99,396","299,988",10,0.00%,"2,999,880","993,960","2,005,920"
1567,2018-11-30,매장,대진상사,TV & 비디오,TV,"52"" LCD HDTV X790W",White,"516,456","1,910,640",9,0.00%,"17,195,760","4,648,104","12,547,656"
1568,2018-11-30,매장,금강,TV & 비디오,TV,"52"" LCD HDTV X790W",White,"516,456","1,910,640",3,0.00%,"5,731,920","1,549,368","4,182,552"
1569,2018-11-30,매장,금강,TV & 비디오,TV,"26"" 720p LCD HDTV M140",White,"259,344","563,964",10,0.00%,"5,639,640","2,593,440","3,046,200"
1570,2018-12-03,매장,신세기상사,컴퓨터,"프린터,스캐너,팩스",잉크젯 PDF 스캐너 M300,Black,"87,600","192,000",5,0.00%,"960,000","438,000","522,000"
1571,2018-12-04,매장,양정물산,휴대폰,스마트 폰,PDA GPS Phone 4.7 inch L950,Silver,"146,316","441,600",5,0.00%,"2,208,000","731,580","1,476,420"
1572,2018-12-04,매장,세종물산,휴대폰,스마트 폰,PDA GPS Phone 4.7 inch L950,Silver,"146,316","441,600",9,0.00%,"3,974,400","1,316,844","2,657,556"
1573,2018-12-05,매장,글로리아 백화정,휴대폰,스마트 폰,8G 메모리 스마트 폰 M400,White,"148,440","322,800",14,0.00%,"4,519,200","2,078,160","2,441,040"
1574,2018-12-05,매장,세종물산,휴대폰,스마트 폰,8G 메모리 스마트 폰 M400,White,"148,440","322,800",3,0.00%,"968,400","445,320","523,080"
1575,2018-12-09,매장,미림상사,컴퓨터,랩탑,노트북12 M2002,Red,"628,188","638,144",10,0.00%,"6,381,440","6,281,880","99,560"
1576,2018-12-10,매장,동도교역,TV & 비디오,TV,"52"" LCD HDTV X790W",White,"516,456","1,910,640",1,0.00%,"1,910,640","516,456","1,394,184"
1577,2018-12-10,매장,글로리아 백화정,컴퓨터,랩탑,노트북13.3 M3000,Red,"110,124","456,000",10,0.00%,"4,560,000","1,101,240","3,458,760"
1578,2018-12-10,매장,ABC상사,TV & 비디오,TV,"26"" 720p LCD HDTV M140",White,"259,344","563,964",10,0.00%,"5,639,640","2,593,440","3,046,200"
1579,2018-12-10,매장,동도교역,컴퓨터,랩탑,노트북13.3 M3000,Red,"110,124","456,000",14,0.00%,"6,384,000","1,541,736","4,842,264"
1580,2018-12-10,매장,알프스무역,TV & 비디오,TV,"52"" LCD HDTV X790W",White,"516,456","1,910,640",5,0.00%,"9,553,200","2,582,280","6,970,920"
1581,2018-12-11,매장,유미백화점,휴대폰,스마트 폰,스마트 폰 E100(카메라없음),Pink,"258,180","266,847",3,0.00%,"800,541","774,540","26,001"
1582,2018-12-11,매장,베네디스,음반 & 영화,영화 DVD,DVD 55 DVD 저장 바인더 M56,Black,"13,800","15,192",1,0.00%,"15,192","13,800","1,392"
1583,2018-12-11,매장,알프스무역,휴대폰,스마트 폰,스마트 폰 E100(카메라없음),Pink,"258,180","264,514",1,0.00%,"264,514","258,180","6,334"
1584,2018-12-12,매장,이화무역,컴퓨터,랩탑,노트북19W M0196,Blue,"516,456","1,558,800",1,0.00%,"1,558,800","516,456","1,042,344"
1585,2018-12-12,온라인,신세기상사,오디오,블루투스 헤드폰,블루투스 액티브 헤드폰 E202,Silver,"20,940","45,540",1,0.00%,"45,540","20,940","24,600"
1586,2018-12-12,매장,삼양상사,TV & 비디오,TV,"52"" LCD HDTV X790W",White,"11,004","1,910,640",14,0.00%,"26,748,960","154,056","26,594,904"
1587,2018-12-12,매장,유미백화점,TV & 비디오,TV,"52"" LCD HDTV X790W",White,"11,004","1,910,640",7,0.00%,"13,374,480","77,028","13,297,452"
1588,2018-12-12,온라인,삼양상사,오디오,블루투스 헤드폰,블루투스 액티브 헤드폰 E202,Silver,"20,940","45,540",1,0.00%,"45,540","20,940","24,600"
1589,2018-12-12,매장,신세기상사,컴퓨터,랩탑,노트북19W M0196,Blue,"516,456","1,558,800",3,0.00%,"4,676,400","1,549,368","3,127,032"
1590,2018-12-13,매장,언더우드상사,휴대폰,스마트 폰,8G 메모리 스마트 폰 M400,Pink,"148,440","322,800",7,0.00%,"2,259,600","1,039,080","1,220,520"
1591,2018-12-13,매장,이화무역,휴대폰,스마트 폰,8G 메모리 스마트 폰 M400,Pink,"148,440","322,800",1,0.00%,"322,800","148,440","174,360"
1592,2018-12-15,매장,태성무역,컴퓨터,랩탑,노트북12 M2002,Red,"628,188","629,314",1,0.00%,"629,314","628,188","1,126"
1593,2018-12-15,매장,언더우드상사,컴퓨터,랩탑,노트북12 M2002,Red,"628,188","637,805",5,0.00%,"3,189,025","3,140,940","48,085"
1594,2018-12-17,매장,태성무역,휴대폰,스마트 폰,PDA GPS Phone 4.7 inch L950,Silver,"146,316","441,600",9,0.00%,"3,974,400","1,316,844","2,657,556"
1595,2018-12-17,매장,샤론통상,휴대폰,스마트 폰,PDA GPS Phone 4.7 inch L950,Silver,"146,316","441,600",3,0.00%,"1,324,800","438,948","885,852"
1596,2018-12-21,매장,협우상사,컴퓨터,컴퓨터 액세서리,블루투스 노트북 마우스 X305,Grey,"59,640","180,000",1,0.00%,"180,000","59,640","120,360"
1597,2018-12-24,매장,한진무역,오디오,블루투스 헤드폰,무선 송신기와 블루투스 헤드폰 M150,Red,"59,628","179,988",1,0.00%,"179,988","59,628","120,360"
1598,2018-12-24,매장,샤론통상,오디오,블루투스 헤드폰,무선 송신기와 블루투스 헤드폰 M150,Red,"59,628","179,988",1,0.00%,"179,988","59,628","120,360"
1599,2018-12-25,매장,대한상사,음반 & 영화,영화 DVD,DVD 38 DVD 저장 바인더 E25,Black,"59,640","63,761",5,0.00%,"318,805","298,200","20,605"
1600,2018-12-25,매장,한진무역,음반 & 영화,영화 DVD,DVD 12인치 플레이어 휴대용 M400,White,"59,640","215,988",10,0.00%,"2,159,880","596,400","1,563,480"
1601,2018-12-26,매장,신성무역,휴대폰,터치 스크린 폰,터치 스크린 폰 5-와이어 / M508,Gold,"142,380","309,600",9,0.00%,"2,786,400","1,281,420","1,504,980"
1602,2018-12-26,매장,ABC상사,TV & 비디오,TV,"52"" LCD HDTV X790W",White,"633,036","1,910,640",1,0.00%,"1,910,640","633,036","1,277,604"
1603,2018-12-26,매장,삼화상사,TV & 비디오,TV,"26"" 720p LCD HDTV M140",White,"259,344","563,964",10,0.00%,"5,639,640","2,593,440","3,046,200"
1604,2018-12-26,매장,신성무역,TV & 비디오,TV,"52"" LCD HDTV X790W",White,"633,036","1,910,640",2,0.00%,"3,821,280","1,266,072","2,555,208"
1605,2018-12-26,매장,대한상사,휴대폰,터치 스크린 폰,터치 스크린 폰 5-와이어 / M508,Gold,"142,380","309,600",2,0.00%,"619,200","284,760","334,440"
1606,2018-12-27,매장,ABC상사,휴대폰,스마트 폰,8G 메모리 스마트 폰 M400,Pink,"148,440","322,800",5,0.00%,"1,614,000","742,200","871,800"
1607,2018-12-27,카탈로그,투프린트,TV & 비디오,TV,"52"" LCD HDTV X790W",White,"516,456","1,910,640",2,0.00%,"3,821,280","1,032,912","2,788,368"
1608,2018-12-27,매장,ITM,휴대폰,스마트 폰,8G 메모리 스마트 폰 M400,Pink,"148,440","322,800",14,0.00%,"4,519,200","2,078,160","2,441,040"
1609,2018-12-27,온라인,J마켓,음반 & 영화,영화 DVD,DVD 12인치 플레이어 휴대용 M400,Silver,"18,288","215,988",2,0.00%,"431,976","36,576","395,400"
1610,2018-12-27,매장,ITM,TV & 비디오,TV,"52"" LCD HDTV X790W",White,"516,456","1,910,640",8,0.00%,"15,285,120","4,131,648","11,153,472"
1611,2018-12-27,매장,신영상사,음반 & 영화,영화 DVD,DVD 12인치 플레이어 휴대용 M400,Silver,"18,288","215,988",3,0.00%,"647,964","54,864","593,100"
1612,2018-12-29,대리점,가나전자,컴퓨터,컴퓨터 액세서리,블루투스 노트북 마우스 X305,Grey,"59,640","180,000",3,0.00%,"540,000","178,920","361,080"
1613,2018-12-29,매장,언더우드상사,음반 & 영화,영화 DVD,DVD 55 DVD 저장 바인더 M56,Black,"13,800","15,192",3,0.00%,"45,576","41,400","4,176"
1614,2018-12-29,매장,베네디스,오디오,블루투스 헤드폰,무선 블루투스 스테레오 헤드폰 E102,Silver,"16,500","57,540",4,0.00%,"230,160","66,000","164,160"
1615,2018-12-29,매장,동광통상,컴퓨터,컴퓨터 액세서리,블루투스 노트북 마우스 X305,Grey,"59,640","180,000",8,0.00%,"1,440,000","477,120","962,880"
1616,2018-12-29,온라인,J마켓,컴퓨터,컴퓨터 액세서리,블루투스 노트북 마우스 X305,White,"59,640","180,000",3,0.00%,"540,000","178,920","361,080"
1617,2018-12-29,온라인,k마켓,컴퓨터,컴퓨터 액세서리,블루투스 노트북 마우스 X305,White,"59,640","180,000",5,0.00%,"900,000","298,200","601,800"
1618,2018-12-29,대리점,명성,오디오,MP4 & MP3,8GB 수퍼 슬림 MP3/Video Player M800,White,"60,672","131,940",8,0.00%,"1,055,520","485,376","570,144"
1619,2018-12-29,온라인,k마켓,오디오,MP4 & MP3,8GB 수퍼 슬림 MP3/Video Player M800,White,"60,672","131,940",4,0.00%,"527,760","242,688","285,072"
1620,2018-12-29,매장,유미백화점,음반 & 영화,영화 DVD,DVD 12인치 플레이어 휴대용 M400,White,"59,640","215,988",1,0.00%,"215,988","59,640","156,348"
1621,2018-12-30,매장,한진무역,오디오,블루투스 헤드폰,무선 블루투스 스테레오 헤드폰 E102,White,"12,180","57,540",8,0.00%,"460,320","97,440","362,880"
